timestamp|site|scenario|bot_id|event_type|attempt_number|global_index|question_uid
2026-03-24 10:57:26|gemini|thinking_0|21|RESTART||1501|e948dc2a-aa77-4be0-af2f-e4d123068e23
2026-03-24 10:58:02|gemini|thinking_0|21|QUESTION_SENT||1501|e948dc2a-aa77-4be0-af2f-e4d123068e23
2026-03-24 11:01:17|gemini|thinking_0|21|QUESTION_SENT||1501|e948dc2a-aa77-4be0-af2f-e4d123068e23
2026-03-24 11:01:49|gemini|thinking_0|21|JSON_VERIFIED||1501|e948dc2a-aa77-4be0-af2f-e4d123068e23
2026-03-24 11:01:49|gemini|thinking_0|21|QUESTION|1|1501|e948dc2a-aa77-4be0-af2f-e4d123068e23
2026-03-24 11:01:49|gemini|thinking_0|21|JSON_SAVED||1501|e948dc2a-aa77-4be0-af2f-e4d123068e23
2026-03-24 11:01:49|gemini|thinking_0|21|QUESTION_ADVANCE||1502|12af957b-7ab1-4870-af8a-c1c2fc824225
2026-03-24 11:02:36|gemini|thinking_0|20|RESTART||1264|e4248d8b-2771-4dde-8758-d64c43b6da94
2026-03-24 11:03:05|gemini|thinking_0|20|STOP||1264|e4248d8b-2771-4dde-8758-d64c43b6da94
2026-03-24 11:03:15|gemini|thinking_0|20|RESTART||1264|e4248d8b-2771-4dde-8758-d64c43b6da94
2026-03-24 11:04:08|gemini|thinking_0|20|QUESTION_SENT||1264|e4248d8b-2771-4dde-8758-d64c43b6da94
2026-03-24 11:04:32|gemini|thinking_0|21|QUESTION_SENT||1502|12af957b-7ab1-4870-af8a-c1c2fc824225
2026-03-24 11:04:40|gemini|thinking_0|20|JSON_VERIFIED||1264|e4248d8b-2771-4dde-8758-d64c43b6da94
2026-03-24 11:04:40|gemini|thinking_0|20|QUESTION|1|1264|e4248d8b-2771-4dde-8758-d64c43b6da94
2026-03-24 11:04:40|gemini|thinking_0|20|JSON_SAVED||1264|e4248d8b-2771-4dde-8758-d64c43b6da94
2026-03-24 11:04:40|gemini|thinking_0|20|QUESTION_ADVANCE||1265|3c6e7922-78cc-47b4-9032-08b296828f3f
2026-03-24 11:05:06|gemini|thinking_0|21|JSON_VERIFIED||1502|12af957b-7ab1-4870-af8a-c1c2fc824225
2026-03-24 11:05:06|gemini|thinking_0|21|QUESTION|2|1502|12af957b-7ab1-4870-af8a-c1c2fc824225
2026-03-24 11:05:06|gemini|thinking_0|21|JSON_SAVED||1502|12af957b-7ab1-4870-af8a-c1c2fc824225
2026-03-24 11:05:06|gemini|thinking_0|21|QUESTION_ADVANCE||1503|7198653b-7f1c-4b38-a5e5-16cca86892d7
2026-03-24 11:07:23|gemini|thinking_0|20|QUESTION_SENT||1265|3c6e7922-78cc-47b4-9032-08b296828f3f
2026-03-24 11:07:46|gemini|thinking_0|21|QUESTION_SENT||1503|7198653b-7f1c-4b38-a5e5-16cca86892d7
2026-03-24 11:08:09|gemini|thinking_0|20|JSON_VERIFIED||1265|3c6e7922-78cc-47b4-9032-08b296828f3f
2026-03-24 11:08:09|gemini|thinking_0|20|QUESTION|2|1265|3c6e7922-78cc-47b4-9032-08b296828f3f
2026-03-24 11:08:09|gemini|thinking_0|20|JSON_SAVED||1265|3c6e7922-78cc-47b4-9032-08b296828f3f
2026-03-24 11:08:09|gemini|thinking_0|20|QUESTION_ADVANCE||1266|4c5366b8-04ed-4179-8c0e-555fd335f07a
2026-03-24 11:08:24|gemini|thinking_0|21|JSON_VERIFIED||1503|7198653b-7f1c-4b38-a5e5-16cca86892d7
2026-03-24 11:08:24|gemini|thinking_0|21|QUESTION|3|1503|7198653b-7f1c-4b38-a5e5-16cca86892d7
2026-03-24 11:08:24|gemini|thinking_0|21|JSON_SAVED||1503|7198653b-7f1c-4b38-a5e5-16cca86892d7
2026-03-24 11:08:24|gemini|thinking_0|21|QUESTION_ADVANCE||1504|fe6c4284-12f5-43f3-be90-fc8b3d4389ce
2026-03-24 11:10:37|gemini|thinking_0|20|QUESTION_SENT||1266|4c5366b8-04ed-4179-8c0e-555fd335f07a
2026-03-24 11:11:01|gemini|thinking_0|21|QUESTION_SENT||1504|fe6c4284-12f5-43f3-be90-fc8b3d4389ce
2026-03-24 11:11:13|gemini|thinking_0|20|JSON_VERIFIED||1266|4c5366b8-04ed-4179-8c0e-555fd335f07a
2026-03-24 11:11:13|gemini|thinking_0|20|QUESTION|3|1266|4c5366b8-04ed-4179-8c0e-555fd335f07a
2026-03-24 11:11:13|gemini|thinking_0|20|JSON_SAVED||1266|4c5366b8-04ed-4179-8c0e-555fd335f07a
2026-03-24 11:11:13|gemini|thinking_0|20|QUESTION_ADVANCE||1267|63b10aa4-6d7d-4f2e-88d1-f35092a4232d
2026-03-24 11:11:37|gemini|thinking_0|21|JSON_VERIFIED||1504|fe6c4284-12f5-43f3-be90-fc8b3d4389ce
2026-03-24 11:11:37|gemini|thinking_0|21|QUESTION|4|1504|fe6c4284-12f5-43f3-be90-fc8b3d4389ce
2026-03-24 11:11:37|gemini|thinking_0|21|JSON_SAVED||1504|fe6c4284-12f5-43f3-be90-fc8b3d4389ce
2026-03-24 11:11:37|gemini|thinking_0|21|QUESTION_ADVANCE||1505|d427a898-b9f1-457b-94d0-57d2bc385deb
2026-03-24 11:13:52|gemini|thinking_0|20|QUESTION_SENT||1267|63b10aa4-6d7d-4f2e-88d1-f35092a4232d
2026-03-24 11:14:15|gemini|thinking_0|21|QUESTION_SENT||1505|d427a898-b9f1-457b-94d0-57d2bc385deb
2026-03-24 11:14:23|gemini|thinking_0|20|JSON_VERIFIED||1267|63b10aa4-6d7d-4f2e-88d1-f35092a4232d
2026-03-24 11:14:23|gemini|thinking_0|20|QUESTION|4|1267|63b10aa4-6d7d-4f2e-88d1-f35092a4232d
2026-03-24 11:14:23|gemini|thinking_0|20|JSON_SAVED||1267|63b10aa4-6d7d-4f2e-88d1-f35092a4232d
2026-03-24 11:14:23|gemini|thinking_0|20|QUESTION_ADVANCE||1268|2b177675-195f-4037-9c85-165752c82880
2026-03-24 11:14:49|gemini|thinking_0|21|JSON_VERIFIED||1505|d427a898-b9f1-457b-94d0-57d2bc385deb
2026-03-24 11:14:49|gemini|thinking_0|21|QUESTION|5|1505|d427a898-b9f1-457b-94d0-57d2bc385deb
2026-03-24 11:14:49|gemini|thinking_0|21|JSON_SAVED||1505|d427a898-b9f1-457b-94d0-57d2bc385deb
2026-03-24 11:14:49|gemini|thinking_0|21|QUESTION_ADVANCE||1506|5a564b45-5549-40f7-b600-141c505b9544
2026-03-24 11:17:07|gemini|thinking_0|20|QUESTION_SENT||1268|2b177675-195f-4037-9c85-165752c82880
2026-03-24 11:17:30|gemini|thinking_0|21|QUESTION_SENT||1506|5a564b45-5549-40f7-b600-141c505b9544
2026-03-24 11:17:42|gemini|thinking_0|20|JSON_VERIFIED||1268|2b177675-195f-4037-9c85-165752c82880
2026-03-24 11:17:42|gemini|thinking_0|20|QUESTION|5|1268|2b177675-195f-4037-9c85-165752c82880
2026-03-24 11:17:42|gemini|thinking_0|20|JSON_SAVED||1268|2b177675-195f-4037-9c85-165752c82880
2026-03-24 11:17:42|gemini|thinking_0|20|QUESTION_ADVANCE||1269|597c6949-c79a-4538-ab7b-32a6ae82a0fe
2026-03-24 11:18:08|gemini|thinking_0|21|JSON_VERIFIED||1506|5a564b45-5549-40f7-b600-141c505b9544
2026-03-24 11:18:08|gemini|thinking_0|21|QUESTION|6|1506|5a564b45-5549-40f7-b600-141c505b9544
2026-03-24 11:18:08|gemini|thinking_0|21|JSON_SAVED||1506|5a564b45-5549-40f7-b600-141c505b9544
2026-03-24 11:18:08|gemini|thinking_0|21|QUESTION_ADVANCE||1507|61d4e299-00ab-4f77-a55f-c9a15b3c191b
2026-03-24 11:20:22|gemini|thinking_0|20|QUESTION_SENT||1269|597c6949-c79a-4538-ab7b-32a6ae82a0fe
2026-03-24 11:20:45|gemini|thinking_0|21|QUESTION_SENT||1507|61d4e299-00ab-4f77-a55f-c9a15b3c191b
2026-03-24 11:20:55|gemini|thinking_0|20|JSON_VERIFIED||1269|597c6949-c79a-4538-ab7b-32a6ae82a0fe
2026-03-24 11:20:55|gemini|thinking_0|20|QUESTION|6|1269|597c6949-c79a-4538-ab7b-32a6ae82a0fe
2026-03-24 11:20:55|gemini|thinking_0|20|JSON_SAVED||1269|597c6949-c79a-4538-ab7b-32a6ae82a0fe
2026-03-24 11:20:55|gemini|thinking_0|20|QUESTION_ADVANCE||1270|3c43b9bb-b9e0-436d-8431-746d17d71202
2026-03-24 11:21:21|gemini|thinking_0|21|JSON_VERIFIED||1507|61d4e299-00ab-4f77-a55f-c9a15b3c191b
2026-03-24 11:21:21|gemini|thinking_0|21|QUESTION|7|1507|61d4e299-00ab-4f77-a55f-c9a15b3c191b
2026-03-24 11:21:21|gemini|thinking_0|21|JSON_SAVED||1507|61d4e299-00ab-4f77-a55f-c9a15b3c191b
2026-03-24 11:21:21|gemini|thinking_0|21|QUESTION_ADVANCE||1508|e797cd2f-40c0-496d-8094-1e27b3d3af65
2026-03-24 11:23:37|gemini|thinking_0|20|QUESTION_SENT||1270|3c43b9bb-b9e0-436d-8431-746d17d71202
2026-03-24 11:24:00|gemini|thinking_0|21|QUESTION_SENT||1508|e797cd2f-40c0-496d-8094-1e27b3d3af65
2026-03-24 11:24:36|gemini|thinking_0|21|JSON_VERIFY_FAILED||1508|e797cd2f-40c0-496d-8094-1e27b3d3af65
2026-03-24 11:24:36|gemini|thinking_0|21|QUESTION|8|1508|e797cd2f-40c0-496d-8094-1e27b3d3af65
2026-03-24 11:26:52|gemini|thinking_0|20|QUESTION_SENT||1270|3c43b9bb-b9e0-436d-8431-746d17d71202
2026-03-24 11:27:15|gemini|thinking_0|21|QUESTION_SENT||1508|e797cd2f-40c0-496d-8094-1e27b3d3af65
2026-03-24 11:27:28|gemini|thinking_0|20|JSON_VERIFIED||1270|3c43b9bb-b9e0-436d-8431-746d17d71202
2026-03-24 11:27:28|gemini|thinking_0|20|QUESTION|7|1270|3c43b9bb-b9e0-436d-8431-746d17d71202
2026-03-24 11:27:28|gemini|thinking_0|20|JSON_SAVED||1270|3c43b9bb-b9e0-436d-8431-746d17d71202
2026-03-24 11:27:28|gemini|thinking_0|20|QUESTION_ADVANCE||1271|80e3d046-b5b7-4fa3-9614-23afdff66563
2026-03-24 11:27:49|gemini|thinking_0|21|JSON_VERIFIED||1508|e797cd2f-40c0-496d-8094-1e27b3d3af65
2026-03-24 11:27:49|gemini|thinking_0|21|QUESTION|9|1508|e797cd2f-40c0-496d-8094-1e27b3d3af65
2026-03-24 11:27:49|gemini|thinking_0|21|JSON_SAVED||1508|e797cd2f-40c0-496d-8094-1e27b3d3af65
2026-03-24 11:27:49|gemini|thinking_0|21|QUESTION_ADVANCE||1509|97b3961c-0f7a-40a1-b1f2-a362ba17917c
2026-03-24 11:30:07|gemini|thinking_0|20|QUESTION_SENT||1271|80e3d046-b5b7-4fa3-9614-23afdff66563
2026-03-24 11:30:30|gemini|thinking_0|21|QUESTION_SENT||1509|97b3961c-0f7a-40a1-b1f2-a362ba17917c
2026-03-24 11:30:42|gemini|thinking_0|20|JSON_VERIFIED||1271|80e3d046-b5b7-4fa3-9614-23afdff66563
2026-03-24 11:30:42|gemini|thinking_0|20|QUESTION|8|1271|80e3d046-b5b7-4fa3-9614-23afdff66563
2026-03-24 11:30:42|gemini|thinking_0|20|JSON_SAVED||1271|80e3d046-b5b7-4fa3-9614-23afdff66563
2026-03-24 11:30:42|gemini|thinking_0|20|QUESTION_ADVANCE||1272|09d1c701-dd20-4006-94f0-ca10b322a438
2026-03-24 11:31:07|gemini|thinking_0|21|JSON_VERIFIED||1509|97b3961c-0f7a-40a1-b1f2-a362ba17917c
2026-03-24 11:31:07|gemini|thinking_0|21|QUESTION|10|1509|97b3961c-0f7a-40a1-b1f2-a362ba17917c
2026-03-24 11:31:07|gemini|thinking_0|21|JSON_SAVED||1509|97b3961c-0f7a-40a1-b1f2-a362ba17917c
2026-03-24 11:31:07|gemini|thinking_0|21|QUESTION_ADVANCE||1510|4c361a3e-13fe-4c1b-befe-adc26871caba
2026-03-24 11:33:22|gemini|thinking_0|20|QUESTION_SENT||1272|09d1c701-dd20-4006-94f0-ca10b322a438
2026-03-24 11:33:45|gemini|thinking_0|21|QUESTION_SENT||1510|4c361a3e-13fe-4c1b-befe-adc26871caba
2026-03-24 11:33:56|gemini|thinking_0|20|JSON_VERIFIED||1272|09d1c701-dd20-4006-94f0-ca10b322a438
2026-03-24 11:33:56|gemini|thinking_0|20|QUESTION|9|1272|09d1c701-dd20-4006-94f0-ca10b322a438
2026-03-24 11:33:56|gemini|thinking_0|20|JSON_SAVED||1272|09d1c701-dd20-4006-94f0-ca10b322a438
2026-03-24 11:33:56|gemini|thinking_0|20|QUESTION_ADVANCE||1273|f9307716-5861-4a9c-b566-7a4e5fa3989a
2026-03-24 11:36:37|gemini|thinking_0|20|QUESTION_SENT||1273|f9307716-5861-4a9c-b566-7a4e5fa3989a
2026-03-24 11:37:00|gemini|thinking_0|21|QUESTION_SENT||1510|4c361a3e-13fe-4c1b-befe-adc26871caba
2026-03-24 11:37:08|gemini|thinking_0|20|JSON_VERIFIED||1273|f9307716-5861-4a9c-b566-7a4e5fa3989a
2026-03-24 11:37:08|gemini|thinking_0|20|QUESTION|10|1273|f9307716-5861-4a9c-b566-7a4e5fa3989a
2026-03-24 11:37:08|gemini|thinking_0|20|JSON_SAVED||1273|f9307716-5861-4a9c-b566-7a4e5fa3989a
2026-03-24 11:37:08|gemini|thinking_0|20|QUESTION_ADVANCE||1274|d7122fde-a5f5-4732-aa9f-a45db1d2acfb
2026-03-24 11:37:36|gemini|thinking_0|21|JSON_VERIFIED||1510|4c361a3e-13fe-4c1b-befe-adc26871caba
2026-03-24 11:37:36|gemini|thinking_0|21|QUESTION|11|1510|4c361a3e-13fe-4c1b-befe-adc26871caba
2026-03-24 11:37:36|gemini|thinking_0|21|JSON_SAVED||1510|4c361a3e-13fe-4c1b-befe-adc26871caba
2026-03-24 11:37:36|gemini|thinking_0|21|QUESTION_ADVANCE||1511|6bb08228-f5c3-4e8a-ab72-aede74eb5063
2026-03-24 11:39:51|gemini|thinking_0|20|QUESTION_SENT||1274|d7122fde-a5f5-4732-aa9f-a45db1d2acfb
2026-03-24 11:40:15|gemini|thinking_0|21|QUESTION_SENT||1511|6bb08228-f5c3-4e8a-ab72-aede74eb5063
2026-03-24 11:40:23|gemini|thinking_0|20|JSON_VERIFIED||1274|d7122fde-a5f5-4732-aa9f-a45db1d2acfb
2026-03-24 11:40:23|gemini|thinking_0|20|QUESTION|11|1274|d7122fde-a5f5-4732-aa9f-a45db1d2acfb
2026-03-24 11:40:23|gemini|thinking_0|20|JSON_SAVED||1274|d7122fde-a5f5-4732-aa9f-a45db1d2acfb
2026-03-24 11:40:23|gemini|thinking_0|20|QUESTION_ADVANCE||1275|17bdc2e3-cde7-4e5a-a8c9-abb2f22a3c64
2026-03-24 11:40:47|gemini|thinking_0|21|JSON_VERIFIED||1511|6bb08228-f5c3-4e8a-ab72-aede74eb5063
2026-03-24 11:40:47|gemini|thinking_0|21|QUESTION|12|1511|6bb08228-f5c3-4e8a-ab72-aede74eb5063
2026-03-24 11:40:47|gemini|thinking_0|21|JSON_SAVED||1511|6bb08228-f5c3-4e8a-ab72-aede74eb5063
2026-03-24 11:40:47|gemini|thinking_0|21|QUESTION_ADVANCE||1512|eddeab4f-5477-4d6e-a366-9822369e153a
2026-03-24 11:43:06|gemini|thinking_0|20|QUESTION_SENT||1275|17bdc2e3-cde7-4e5a-a8c9-abb2f22a3c64
2026-03-24 11:43:30|gemini|thinking_0|21|QUESTION_SENT||1512|eddeab4f-5477-4d6e-a366-9822369e153a
2026-03-24 11:43:40|gemini|thinking_0|20|JSON_VERIFIED||1275|17bdc2e3-cde7-4e5a-a8c9-abb2f22a3c64
2026-03-24 11:43:40|gemini|thinking_0|20|QUESTION|12|1275|17bdc2e3-cde7-4e5a-a8c9-abb2f22a3c64
2026-03-24 11:43:40|gemini|thinking_0|20|JSON_SAVED||1275|17bdc2e3-cde7-4e5a-a8c9-abb2f22a3c64
2026-03-24 11:43:40|gemini|thinking_0|20|QUESTION_ADVANCE||1276|7baed329-e71c-4fd5-88d1-c846e19ff7eb
2026-03-24 11:46:21|gemini|thinking_0|20|QUESTION_SENT||1276|7baed329-e71c-4fd5-88d1-c846e19ff7eb
2026-03-24 11:47:10|gemini|thinking_0|21|JSON_VERIFY_FAILED||1512|eddeab4f-5477-4d6e-a366-9822369e153a
2026-03-24 11:47:10|gemini|thinking_0|21|QUESTION|13|1512|eddeab4f-5477-4d6e-a366-9822369e153a
2026-03-24 11:47:34|gemini|thinking_0|21|QUESTION_SENT||1512|eddeab4f-5477-4d6e-a366-9822369e153a
2026-03-24 11:48:11|gemini|thinking_0|21|JSON_VERIFIED||1512|eddeab4f-5477-4d6e-a366-9822369e153a
2026-03-24 11:48:11|gemini|thinking_0|21|QUESTION|14|1512|eddeab4f-5477-4d6e-a366-9822369e153a
2026-03-24 11:48:11|gemini|thinking_0|21|JSON_SAVED||1512|eddeab4f-5477-4d6e-a366-9822369e153a
2026-03-24 11:48:11|gemini|thinking_0|21|QUESTION_ADVANCE||1513|3e96e747-b39a-4a0e-88a6-fcaa2e0bee6c
2026-03-24 11:49:36|gemini|thinking_0|20|QUESTION_SENT||1276|7baed329-e71c-4fd5-88d1-c846e19ff7eb
2026-03-24 11:50:13|gemini|thinking_0|20|JSON_VERIFIED||1276|7baed329-e71c-4fd5-88d1-c846e19ff7eb
2026-03-24 11:50:13|gemini|thinking_0|20|QUESTION|13|1276|7baed329-e71c-4fd5-88d1-c846e19ff7eb
2026-03-24 11:50:13|gemini|thinking_0|20|JSON_SAVED||1276|7baed329-e71c-4fd5-88d1-c846e19ff7eb
2026-03-24 11:50:13|gemini|thinking_0|20|QUESTION_ADVANCE||1277|6379517b-4ab5-41de-a38c-0b37e19397ee
2026-03-24 11:50:48|gemini|thinking_0|21|QUESTION_SENT||1513|3e96e747-b39a-4a0e-88a6-fcaa2e0bee6c
2026-03-24 11:51:18|gemini|thinking_0|21|JSON_VERIFIED||1513|3e96e747-b39a-4a0e-88a6-fcaa2e0bee6c
2026-03-24 11:51:18|gemini|thinking_0|21|QUESTION|15|1513|3e96e747-b39a-4a0e-88a6-fcaa2e0bee6c
2026-03-24 11:51:18|gemini|thinking_0|21|JSON_SAVED||1513|3e96e747-b39a-4a0e-88a6-fcaa2e0bee6c
2026-03-24 11:51:18|gemini|thinking_0|21|QUESTION_ADVANCE||1514|31f38065-c369-4c2d-81b2-e50ebd8b7626
2026-03-24 11:52:50|gemini|thinking_0|20|QUESTION_SENT||1277|6379517b-4ab5-41de-a38c-0b37e19397ee
2026-03-24 11:53:34|gemini|thinking_0|20|JSON_VERIFIED||1277|6379517b-4ab5-41de-a38c-0b37e19397ee
2026-03-24 11:53:34|gemini|thinking_0|20|QUESTION|14|1277|6379517b-4ab5-41de-a38c-0b37e19397ee
2026-03-24 11:53:34|gemini|thinking_0|20|JSON_SAVED||1277|6379517b-4ab5-41de-a38c-0b37e19397ee
2026-03-24 11:53:34|gemini|thinking_0|20|QUESTION_ADVANCE||1278|7a4d4260-242d-48c0-85fa-39843e8a8545
2026-03-24 11:54:03|gemini|thinking_0|21|QUESTION_SENT||1514|31f38065-c369-4c2d-81b2-e50ebd8b7626
2026-03-24 11:54:34|gemini|thinking_0|21|JSON_VERIFIED||1514|31f38065-c369-4c2d-81b2-e50ebd8b7626
2026-03-24 11:54:34|gemini|thinking_0|21|QUESTION|16|1514|31f38065-c369-4c2d-81b2-e50ebd8b7626
2026-03-24 11:54:34|gemini|thinking_0|21|JSON_SAVED||1514|31f38065-c369-4c2d-81b2-e50ebd8b7626
2026-03-24 11:54:34|gemini|thinking_0|21|QUESTION_ADVANCE||1515|f2031e6a-e987-4b15-998c-b43125ddf822
2026-03-24 11:56:05|gemini|thinking_0|20|QUESTION_SENT||1278|7a4d4260-242d-48c0-85fa-39843e8a8545
2026-03-24 11:56:40|gemini|thinking_0|20|JSON_VERIFIED||1278|7a4d4260-242d-48c0-85fa-39843e8a8545
2026-03-24 11:56:40|gemini|thinking_0|20|QUESTION|15|1278|7a4d4260-242d-48c0-85fa-39843e8a8545
2026-03-24 11:56:40|gemini|thinking_0|20|JSON_SAVED||1278|7a4d4260-242d-48c0-85fa-39843e8a8545
2026-03-24 11:56:40|gemini|thinking_0|20|QUESTION_ADVANCE||1279|dd002c62-5fb5-4149-9803-b8e594b82544
2026-03-24 11:57:18|gemini|thinking_0|21|QUESTION_SENT||1515|f2031e6a-e987-4b15-998c-b43125ddf822
2026-03-24 11:57:50|gemini|thinking_0|21|JSON_VERIFIED||1515|f2031e6a-e987-4b15-998c-b43125ddf822
2026-03-24 11:57:50|gemini|thinking_0|21|QUESTION|17|1515|f2031e6a-e987-4b15-998c-b43125ddf822
2026-03-24 11:57:50|gemini|thinking_0|21|JSON_SAVED||1515|f2031e6a-e987-4b15-998c-b43125ddf822
2026-03-24 11:57:50|gemini|thinking_0|21|QUESTION_ADVANCE||1516|49ae739b-80d6-4785-85f8-00cb76a31c6a
2026-03-24 11:59:20|gemini|thinking_0|20|QUESTION_SENT||1279|dd002c62-5fb5-4149-9803-b8e594b82544
2026-03-24 11:59:48|gemini|thinking_0|20|JSON_VERIFIED||1279|dd002c62-5fb5-4149-9803-b8e594b82544
2026-03-24 11:59:48|gemini|thinking_0|20|QUESTION|16|1279|dd002c62-5fb5-4149-9803-b8e594b82544
2026-03-24 11:59:48|gemini|thinking_0|20|JSON_SAVED||1279|dd002c62-5fb5-4149-9803-b8e594b82544
2026-03-24 11:59:48|gemini|thinking_0|20|QUESTION_ADVANCE||1280|90aca465-3178-4d74-aea9-04a4a4de8b0a
2026-03-24 12:00:32|gemini|thinking_0|21|QUESTION_SENT||1516|49ae739b-80d6-4785-85f8-00cb76a31c6a
2026-03-24 12:01:13|gemini|thinking_0|21|JSON_VERIFIED||1516|49ae739b-80d6-4785-85f8-00cb76a31c6a
2026-03-24 12:01:13|gemini|thinking_0|21|QUESTION|18|1516|49ae739b-80d6-4785-85f8-00cb76a31c6a
2026-03-24 12:01:13|gemini|thinking_0|21|JSON_SAVED||1516|49ae739b-80d6-4785-85f8-00cb76a31c6a
2026-03-24 12:01:13|gemini|thinking_0|21|QUESTION_ADVANCE||1517|c7572fd1-7592-4b4e-8259-07a5c0e68e36
2026-03-24 12:02:35|gemini|thinking_0|20|QUESTION_SENT||1280|90aca465-3178-4d74-aea9-04a4a4de8b0a
2026-03-24 12:03:06|gemini|thinking_0|20|JSON_VERIFIED||1280|90aca465-3178-4d74-aea9-04a4a4de8b0a
2026-03-24 12:03:06|gemini|thinking_0|20|QUESTION|17|1280|90aca465-3178-4d74-aea9-04a4a4de8b0a
2026-03-24 12:03:06|gemini|thinking_0|20|JSON_SAVED||1280|90aca465-3178-4d74-aea9-04a4a4de8b0a
2026-03-24 12:03:06|gemini|thinking_0|20|QUESTION_ADVANCE||1281|abe08fb8-d6e8-46cc-b8fe-f6089b5c9dd3
2026-03-24 12:03:47|gemini|thinking_0|21|QUESTION_SENT||1517|c7572fd1-7592-4b4e-8259-07a5c0e68e36
2026-03-24 12:04:24|gemini|thinking_0|21|JSON_VERIFIED||1517|c7572fd1-7592-4b4e-8259-07a5c0e68e36
2026-03-24 12:04:24|gemini|thinking_0|21|QUESTION|19|1517|c7572fd1-7592-4b4e-8259-07a5c0e68e36
2026-03-24 12:04:24|gemini|thinking_0|21|JSON_SAVED||1517|c7572fd1-7592-4b4e-8259-07a5c0e68e36
2026-03-24 12:04:24|gemini|thinking_0|21|QUESTION_ADVANCE||1518|34d8f792-6d6e-498a-88f2-f122f3fc3c27
2026-03-24 12:05:50|gemini|thinking_0|20|QUESTION_SENT||1281|abe08fb8-d6e8-46cc-b8fe-f6089b5c9dd3
2026-03-24 12:06:24|gemini|thinking_0|20|JSON_VERIFIED||1281|abe08fb8-d6e8-46cc-b8fe-f6089b5c9dd3
2026-03-24 12:06:24|gemini|thinking_0|20|QUESTION|18|1281|abe08fb8-d6e8-46cc-b8fe-f6089b5c9dd3
2026-03-24 12:06:24|gemini|thinking_0|20|JSON_SAVED||1281|abe08fb8-d6e8-46cc-b8fe-f6089b5c9dd3
2026-03-24 12:06:24|gemini|thinking_0|20|QUESTION_ADVANCE||1282|ed5e186a-54b6-44a8-bb02-4489e461b3b3
2026-03-24 12:07:02|gemini|thinking_0|21|QUESTION_SENT||1518|34d8f792-6d6e-498a-88f2-f122f3fc3c27
2026-03-24 12:07:33|gemini|thinking_0|21|JSON_VERIFIED||1518|34d8f792-6d6e-498a-88f2-f122f3fc3c27
2026-03-24 12:07:33|gemini|thinking_0|21|QUESTION|20|1518|34d8f792-6d6e-498a-88f2-f122f3fc3c27
2026-03-24 12:07:33|gemini|thinking_0|21|JSON_SAVED||1518|34d8f792-6d6e-498a-88f2-f122f3fc3c27
2026-03-24 12:07:33|gemini|thinking_0|21|QUESTION_ADVANCE||1519|752cbf30-342b-459d-b0d6-a475e75b44e3
2026-03-24 12:09:04|gemini|thinking_0|20|QUESTION_SENT||1282|ed5e186a-54b6-44a8-bb02-4489e461b3b3
2026-03-24 12:09:37|gemini|thinking_0|20|JSON_VERIFIED||1282|ed5e186a-54b6-44a8-bb02-4489e461b3b3
2026-03-24 12:09:37|gemini|thinking_0|20|QUESTION|19|1282|ed5e186a-54b6-44a8-bb02-4489e461b3b3
2026-03-24 12:09:37|gemini|thinking_0|20|JSON_SAVED||1282|ed5e186a-54b6-44a8-bb02-4489e461b3b3
2026-03-24 12:09:37|gemini|thinking_0|20|QUESTION_ADVANCE||1283|23012a52-bc95-4af5-bd7c-756199163bd5
2026-03-24 12:10:17|gemini|thinking_0|21|QUESTION_SENT||1519|752cbf30-342b-459d-b0d6-a475e75b44e3
2026-03-24 12:10:50|gemini|thinking_0|21|JSON_VERIFIED||1519|752cbf30-342b-459d-b0d6-a475e75b44e3
2026-03-24 12:10:50|gemini|thinking_0|21|QUESTION|21|1519|752cbf30-342b-459d-b0d6-a475e75b44e3
2026-03-24 12:10:50|gemini|thinking_0|21|JSON_SAVED||1519|752cbf30-342b-459d-b0d6-a475e75b44e3
2026-03-24 12:10:50|gemini|thinking_0|21|QUESTION_ADVANCE||1520|84b3cecf-9b6b-4bcb-8858-5b6ecea39798
2026-03-24 12:12:19|gemini|thinking_0|20|QUESTION_SENT||1283|23012a52-bc95-4af5-bd7c-756199163bd5
2026-03-24 12:12:50|gemini|thinking_0|20|JSON_VERIFIED||1283|23012a52-bc95-4af5-bd7c-756199163bd5
2026-03-24 12:12:50|gemini|thinking_0|20|QUESTION|20|1283|23012a52-bc95-4af5-bd7c-756199163bd5
2026-03-24 12:12:50|gemini|thinking_0|20|JSON_SAVED||1283|23012a52-bc95-4af5-bd7c-756199163bd5
2026-03-24 12:12:50|gemini|thinking_0|20|QUESTION_ADVANCE||1284|4996ccbe-f78a-48a4-92bd-79de975bcfed
2026-03-24 12:13:31|gemini|thinking_0|21|QUESTION_SENT||1520|84b3cecf-9b6b-4bcb-8858-5b6ecea39798
2026-03-24 12:14:06|gemini|thinking_0|21|JSON_VERIFIED||1520|84b3cecf-9b6b-4bcb-8858-5b6ecea39798
2026-03-24 12:14:06|gemini|thinking_0|21|QUESTION|22|1520|84b3cecf-9b6b-4bcb-8858-5b6ecea39798
2026-03-24 12:14:06|gemini|thinking_0|21|JSON_SAVED||1520|84b3cecf-9b6b-4bcb-8858-5b6ecea39798
2026-03-24 12:14:06|gemini|thinking_0|21|QUESTION_ADVANCE||1521|9a87935c-26aa-4ebf-8b29-1ff43646ac96
2026-03-24 12:15:34|gemini|thinking_0|20|QUESTION_SENT||1284|4996ccbe-f78a-48a4-92bd-79de975bcfed
2026-03-24 12:16:08|gemini|thinking_0|20|JSON_VERIFIED||1284|4996ccbe-f78a-48a4-92bd-79de975bcfed
2026-03-24 12:16:08|gemini|thinking_0|20|QUESTION|21|1284|4996ccbe-f78a-48a4-92bd-79de975bcfed
2026-03-24 12:16:08|gemini|thinking_0|20|JSON_SAVED||1284|4996ccbe-f78a-48a4-92bd-79de975bcfed
2026-03-24 12:16:08|gemini|thinking_0|20|QUESTION_ADVANCE||1285|2fe481ed-a9d6-40df-93f8-2b55e80e014f
2026-03-24 12:16:46|gemini|thinking_0|21|QUESTION_SENT||1521|9a87935c-26aa-4ebf-8b29-1ff43646ac96
2026-03-24 12:17:18|gemini|thinking_0|21|JSON_VERIFIED||1521|9a87935c-26aa-4ebf-8b29-1ff43646ac96
2026-03-24 12:17:18|gemini|thinking_0|21|QUESTION|23|1521|9a87935c-26aa-4ebf-8b29-1ff43646ac96
2026-03-24 12:17:18|gemini|thinking_0|21|JSON_SAVED||1521|9a87935c-26aa-4ebf-8b29-1ff43646ac96
2026-03-24 12:17:18|gemini|thinking_0|21|QUESTION_ADVANCE||1522|0bd2f007-0e63-4b6a-8838-ad57e5e3a1c2
2026-03-24 12:18:49|gemini|thinking_0|20|QUESTION_SENT||1285|2fe481ed-a9d6-40df-93f8-2b55e80e014f
2026-03-24 12:19:27|gemini|thinking_0|20|JSON_VERIFIED||1285|2fe481ed-a9d6-40df-93f8-2b55e80e014f
2026-03-24 12:19:27|gemini|thinking_0|20|QUESTION|22|1285|2fe481ed-a9d6-40df-93f8-2b55e80e014f
2026-03-24 12:19:27|gemini|thinking_0|20|JSON_SAVED||1285|2fe481ed-a9d6-40df-93f8-2b55e80e014f
2026-03-24 12:19:27|gemini|thinking_0|20|QUESTION_ADVANCE||1286|42e6c89e-3c79-4168-a5c6-25faac7c4333
2026-03-24 12:20:01|gemini|thinking_0|21|QUESTION_SENT||1522|0bd2f007-0e63-4b6a-8838-ad57e5e3a1c2
2026-03-24 12:20:33|gemini|thinking_0|21|JSON_VERIFIED||1522|0bd2f007-0e63-4b6a-8838-ad57e5e3a1c2
2026-03-24 12:20:33|gemini|thinking_0|21|QUESTION|24|1522|0bd2f007-0e63-4b6a-8838-ad57e5e3a1c2
2026-03-24 12:20:33|gemini|thinking_0|21|JSON_SAVED||1522|0bd2f007-0e63-4b6a-8838-ad57e5e3a1c2
2026-03-24 12:20:33|gemini|thinking_0|21|QUESTION_ADVANCE||1523|6ea864e4-7cd6-45ee-b1be-2df72c75a93e
2026-03-24 12:22:03|gemini|thinking_0|20|QUESTION_SENT||1286|42e6c89e-3c79-4168-a5c6-25faac7c4333
2026-03-24 12:22:36|gemini|thinking_0|20|JSON_VERIFIED||1286|42e6c89e-3c79-4168-a5c6-25faac7c4333
2026-03-24 12:22:36|gemini|thinking_0|20|QUESTION|23|1286|42e6c89e-3c79-4168-a5c6-25faac7c4333
2026-03-24 12:22:36|gemini|thinking_0|20|JSON_SAVED||1286|42e6c89e-3c79-4168-a5c6-25faac7c4333
2026-03-24 12:22:36|gemini|thinking_0|20|QUESTION_ADVANCE||1287|91346d58-f0d1-407c-a99d-bfc877dbb5bb
2026-03-24 12:23:16|gemini|thinking_0|21|QUESTION_SENT||1523|6ea864e4-7cd6-45ee-b1be-2df72c75a93e
2026-03-24 12:23:49|gemini|thinking_0|21|JSON_VERIFIED||1523|6ea864e4-7cd6-45ee-b1be-2df72c75a93e
2026-03-24 12:23:49|gemini|thinking_0|21|QUESTION|25|1523|6ea864e4-7cd6-45ee-b1be-2df72c75a93e
2026-03-24 12:23:49|gemini|thinking_0|21|JSON_SAVED||1523|6ea864e4-7cd6-45ee-b1be-2df72c75a93e
2026-03-24 12:23:49|gemini|thinking_0|21|QUESTION_ADVANCE||1524|87350c45-4354-4828-b968-5b7ea96ac21a
2026-03-24 12:25:18|gemini|thinking_0|20|QUESTION_SENT||1287|91346d58-f0d1-407c-a99d-bfc877dbb5bb
2026-03-24 12:25:51|gemini|thinking_0|20|JSON_VERIFIED||1287|91346d58-f0d1-407c-a99d-bfc877dbb5bb
2026-03-24 12:25:51|gemini|thinking_0|20|QUESTION|24|1287|91346d58-f0d1-407c-a99d-bfc877dbb5bb
2026-03-24 12:25:51|gemini|thinking_0|20|JSON_SAVED||1287|91346d58-f0d1-407c-a99d-bfc877dbb5bb
2026-03-24 12:25:51|gemini|thinking_0|20|QUESTION_ADVANCE||1288|482bd3d2-6c2f-4200-89e0-463b68b86b79
2026-03-24 12:26:31|gemini|thinking_0|21|QUESTION_SENT||1524|87350c45-4354-4828-b968-5b7ea96ac21a
2026-03-24 12:27:03|gemini|thinking_0|21|JSON_VERIFIED||1524|87350c45-4354-4828-b968-5b7ea96ac21a
2026-03-24 12:27:03|gemini|thinking_0|21|QUESTION|26|1524|87350c45-4354-4828-b968-5b7ea96ac21a
2026-03-24 12:27:03|gemini|thinking_0|21|JSON_SAVED||1524|87350c45-4354-4828-b968-5b7ea96ac21a
2026-03-24 12:27:03|gemini|thinking_0|21|QUESTION_ADVANCE||1525|855d0480-6770-4729-a657-f63d91d063bd
2026-03-24 12:28:33|gemini|thinking_0|20|QUESTION_SENT||1288|482bd3d2-6c2f-4200-89e0-463b68b86b79
2026-03-24 12:29:05|gemini|thinking_0|20|JSON_VERIFIED||1288|482bd3d2-6c2f-4200-89e0-463b68b86b79
2026-03-24 12:29:05|gemini|thinking_0|20|QUESTION|25|1288|482bd3d2-6c2f-4200-89e0-463b68b86b79
2026-03-24 12:29:05|gemini|thinking_0|20|JSON_SAVED||1288|482bd3d2-6c2f-4200-89e0-463b68b86b79
2026-03-24 12:29:05|gemini|thinking_0|20|QUESTION_ADVANCE||1289|b7345ba8-841e-43b8-ad72-35c2794ae917
2026-03-24 12:29:45|gemini|thinking_0|21|QUESTION_SENT||1525|855d0480-6770-4729-a657-f63d91d063bd
2026-03-24 12:30:23|gemini|thinking_0|21|JSON_VERIFIED||1525|855d0480-6770-4729-a657-f63d91d063bd
2026-03-24 12:30:23|gemini|thinking_0|21|QUESTION|27|1525|855d0480-6770-4729-a657-f63d91d063bd
2026-03-24 12:30:23|gemini|thinking_0|21|JSON_SAVED||1525|855d0480-6770-4729-a657-f63d91d063bd
2026-03-24 12:30:23|gemini|thinking_0|21|QUESTION_ADVANCE||1526|a9e2d6de-cc23-4289-a041-864f20c41237
2026-03-24 12:31:48|gemini|thinking_0|20|QUESTION_SENT||1289|b7345ba8-841e-43b8-ad72-35c2794ae917
2026-03-24 12:32:18|gemini|thinking_0|20|JSON_VERIFIED||1289|b7345ba8-841e-43b8-ad72-35c2794ae917
2026-03-24 12:32:18|gemini|thinking_0|20|QUESTION|26|1289|b7345ba8-841e-43b8-ad72-35c2794ae917
2026-03-24 12:32:18|gemini|thinking_0|20|JSON_SAVED||1289|b7345ba8-841e-43b8-ad72-35c2794ae917
2026-03-24 12:32:18|gemini|thinking_0|20|QUESTION_ADVANCE||1290|4cbdbf4c-6e28-42d9-bf0a-c4fdcc0acd6e
2026-03-24 12:33:00|gemini|thinking_0|21|QUESTION_SENT||1526|a9e2d6de-cc23-4289-a041-864f20c41237
2026-03-24 12:33:35|gemini|thinking_0|21|JSON_VERIFIED||1526|a9e2d6de-cc23-4289-a041-864f20c41237
2026-03-24 12:33:35|gemini|thinking_0|21|QUESTION|28|1526|a9e2d6de-cc23-4289-a041-864f20c41237
2026-03-24 12:33:35|gemini|thinking_0|21|JSON_SAVED||1526|a9e2d6de-cc23-4289-a041-864f20c41237
2026-03-24 12:33:35|gemini|thinking_0|21|QUESTION_ADVANCE||1527|35d14d81-ddd9-43ce-a15e-f6e11582a313
2026-03-24 12:35:03|gemini|thinking_0|20|QUESTION_SENT||1290|4cbdbf4c-6e28-42d9-bf0a-c4fdcc0acd6e
2026-03-24 12:35:35|gemini|thinking_0|20|JSON_VERIFIED||1290|4cbdbf4c-6e28-42d9-bf0a-c4fdcc0acd6e
2026-03-24 12:35:35|gemini|thinking_0|20|QUESTION|27|1290|4cbdbf4c-6e28-42d9-bf0a-c4fdcc0acd6e
2026-03-24 12:35:35|gemini|thinking_0|20|JSON_SAVED||1290|4cbdbf4c-6e28-42d9-bf0a-c4fdcc0acd6e
2026-03-24 12:35:35|gemini|thinking_0|20|QUESTION_ADVANCE||1291|c4b27397-59e3-4d21-b2a9-e638fff3103b
2026-03-24 12:36:15|gemini|thinking_0|21|QUESTION_SENT||1527|35d14d81-ddd9-43ce-a15e-f6e11582a313
2026-03-24 12:36:47|gemini|thinking_0|21|JSON_VERIFIED||1527|35d14d81-ddd9-43ce-a15e-f6e11582a313
2026-03-24 12:36:47|gemini|thinking_0|21|QUESTION|29|1527|35d14d81-ddd9-43ce-a15e-f6e11582a313
2026-03-24 12:36:47|gemini|thinking_0|21|JSON_SAVED||1527|35d14d81-ddd9-43ce-a15e-f6e11582a313
2026-03-24 12:36:47|gemini|thinking_0|21|QUESTION_ADVANCE||1528|810be5ac-094d-49c9-b453-63c774f355c9
2026-03-24 12:38:17|gemini|thinking_0|20|QUESTION_SENT||1291|c4b27397-59e3-4d21-b2a9-e638fff3103b
2026-03-24 12:38:57|gemini|thinking_0|20|JSON_VERIFIED||1291|c4b27397-59e3-4d21-b2a9-e638fff3103b
2026-03-24 12:38:57|gemini|thinking_0|20|QUESTION|28|1291|c4b27397-59e3-4d21-b2a9-e638fff3103b
2026-03-24 12:38:57|gemini|thinking_0|20|JSON_SAVED||1291|c4b27397-59e3-4d21-b2a9-e638fff3103b
2026-03-24 12:38:57|gemini|thinking_0|20|QUESTION_ADVANCE||1292|ddc2ae5b-c04e-4d6b-a259-bdfa383bd73c
2026-03-24 12:39:30|gemini|thinking_0|21|QUESTION_SENT||1528|810be5ac-094d-49c9-b453-63c774f355c9
2026-03-24 12:40:01|gemini|thinking_0|21|JSON_VERIFIED||1528|810be5ac-094d-49c9-b453-63c774f355c9
2026-03-24 12:40:01|gemini|thinking_0|21|QUESTION|30|1528|810be5ac-094d-49c9-b453-63c774f355c9
2026-03-24 12:40:01|gemini|thinking_0|21|JSON_SAVED||1528|810be5ac-094d-49c9-b453-63c774f355c9
2026-03-24 12:40:01|gemini|thinking_0|21|QUESTION_ADVANCE||1529|933a39ec-7070-4ec4-bcb1-853c62a79ba0
2026-03-24 12:41:32|gemini|thinking_0|20|QUESTION_SENT||1292|ddc2ae5b-c04e-4d6b-a259-bdfa383bd73c
2026-03-24 12:42:02|gemini|thinking_0|20|JSON_VERIFIED||1292|ddc2ae5b-c04e-4d6b-a259-bdfa383bd73c
2026-03-24 12:42:02|gemini|thinking_0|20|QUESTION|29|1292|ddc2ae5b-c04e-4d6b-a259-bdfa383bd73c
2026-03-24 12:42:02|gemini|thinking_0|20|JSON_SAVED||1292|ddc2ae5b-c04e-4d6b-a259-bdfa383bd73c
2026-03-24 12:42:02|gemini|thinking_0|20|QUESTION_ADVANCE||1293|dda94635-37ed-48b2-9b3b-82270f148ab0
2026-03-24 12:42:45|gemini|thinking_0|21|QUESTION_SENT||1529|933a39ec-7070-4ec4-bcb1-853c62a79ba0
2026-03-24 12:43:15|gemini|thinking_0|21|JSON_VERIFIED||1529|933a39ec-7070-4ec4-bcb1-853c62a79ba0
2026-03-24 12:43:15|gemini|thinking_0|21|QUESTION|31|1529|933a39ec-7070-4ec4-bcb1-853c62a79ba0
2026-03-24 12:43:15|gemini|thinking_0|21|JSON_SAVED||1529|933a39ec-7070-4ec4-bcb1-853c62a79ba0
2026-03-24 12:43:15|gemini|thinking_0|21|QUESTION_ADVANCE||1530|e7b013cd-73e4-4395-b19b-57b481f3c4d5
2026-03-24 12:44:47|gemini|thinking_0|20|QUESTION_SENT||1293|dda94635-37ed-48b2-9b3b-82270f148ab0
2026-03-24 12:45:21|gemini|thinking_0|20|JSON_VERIFIED||1293|dda94635-37ed-48b2-9b3b-82270f148ab0
2026-03-24 12:45:21|gemini|thinking_0|20|QUESTION|30|1293|dda94635-37ed-48b2-9b3b-82270f148ab0
2026-03-24 12:45:21|gemini|thinking_0|20|JSON_SAVED||1293|dda94635-37ed-48b2-9b3b-82270f148ab0
2026-03-24 12:45:21|gemini|thinking_0|20|QUESTION_ADVANCE||1294|9182ae64-41b2-40d8-bf4f-a42b4eaf7e63
2026-03-24 12:46:00|gemini|thinking_0|21|QUESTION_SENT||1530|e7b013cd-73e4-4395-b19b-57b481f3c4d5
2026-03-24 12:46:32|gemini|thinking_0|21|JSON_VERIFIED||1530|e7b013cd-73e4-4395-b19b-57b481f3c4d5
2026-03-24 12:46:32|gemini|thinking_0|21|QUESTION|32|1530|e7b013cd-73e4-4395-b19b-57b481f3c4d5
2026-03-24 12:46:32|gemini|thinking_0|21|JSON_SAVED||1530|e7b013cd-73e4-4395-b19b-57b481f3c4d5
2026-03-24 12:46:32|gemini|thinking_0|21|QUESTION_ADVANCE||1531|1d8ff7d9-2dd3-44ba-8a2f-2a5cb52addf5
2026-03-24 12:48:02|gemini|thinking_0|20|QUESTION_SENT||1294|9182ae64-41b2-40d8-bf4f-a42b4eaf7e63
2026-03-24 12:48:37|gemini|thinking_0|20|JSON_VERIFIED||1294|9182ae64-41b2-40d8-bf4f-a42b4eaf7e63
2026-03-24 12:48:37|gemini|thinking_0|20|QUESTION|31|1294|9182ae64-41b2-40d8-bf4f-a42b4eaf7e63
2026-03-24 12:48:37|gemini|thinking_0|20|JSON_SAVED||1294|9182ae64-41b2-40d8-bf4f-a42b4eaf7e63
2026-03-24 12:48:37|gemini|thinking_0|20|QUESTION_ADVANCE||1295|d2f13c73-1001-4eae-a5a5-0a30582bb157
2026-03-24 12:49:15|gemini|thinking_0|21|QUESTION_SENT||1531|1d8ff7d9-2dd3-44ba-8a2f-2a5cb52addf5
2026-03-24 12:49:50|gemini|thinking_0|21|JSON_VERIFIED||1531|1d8ff7d9-2dd3-44ba-8a2f-2a5cb52addf5
2026-03-24 12:49:50|gemini|thinking_0|21|QUESTION|33|1531|1d8ff7d9-2dd3-44ba-8a2f-2a5cb52addf5
2026-03-24 12:49:50|gemini|thinking_0|21|JSON_SAVED||1531|1d8ff7d9-2dd3-44ba-8a2f-2a5cb52addf5
2026-03-24 12:49:50|gemini|thinking_0|21|QUESTION_ADVANCE||1532|e7f12e1c-1c3e-47c5-bebd-18539f49c1de
2026-03-24 12:51:16|gemini|thinking_0|20|QUESTION_SENT||1295|d2f13c73-1001-4eae-a5a5-0a30582bb157
2026-03-24 12:51:50|gemini|thinking_0|20|JSON_VERIFIED||1295|d2f13c73-1001-4eae-a5a5-0a30582bb157
2026-03-24 12:51:50|gemini|thinking_0|20|QUESTION|32|1295|d2f13c73-1001-4eae-a5a5-0a30582bb157
2026-03-24 12:51:50|gemini|thinking_0|20|JSON_SAVED||1295|d2f13c73-1001-4eae-a5a5-0a30582bb157
2026-03-24 12:51:50|gemini|thinking_0|20|QUESTION_ADVANCE||1296|faed18c3-2946-416e-88b7-42a256e9d09c
2026-03-24 12:52:29|gemini|thinking_0|21|QUESTION_SENT||1532|e7f12e1c-1c3e-47c5-bebd-18539f49c1de
2026-03-24 12:53:03|gemini|thinking_0|21|JSON_VERIFIED||1532|e7f12e1c-1c3e-47c5-bebd-18539f49c1de
2026-03-24 12:53:03|gemini|thinking_0|21|QUESTION|34|1532|e7f12e1c-1c3e-47c5-bebd-18539f49c1de
2026-03-24 12:53:03|gemini|thinking_0|21|JSON_SAVED||1532|e7f12e1c-1c3e-47c5-bebd-18539f49c1de
2026-03-24 12:53:03|gemini|thinking_0|21|QUESTION_ADVANCE||1533|34834439-ffd2-4892-955a-05d90fd0539e
2026-03-24 12:54:31|gemini|thinking_0|20|QUESTION_SENT||1296|faed18c3-2946-416e-88b7-42a256e9d09c
2026-03-24 12:55:08|gemini|thinking_0|20|JSON_VERIFIED||1296|faed18c3-2946-416e-88b7-42a256e9d09c
2026-03-24 12:55:08|gemini|thinking_0|20|QUESTION|33|1296|faed18c3-2946-416e-88b7-42a256e9d09c
2026-03-24 12:55:08|gemini|thinking_0|20|JSON_SAVED||1296|faed18c3-2946-416e-88b7-42a256e9d09c
2026-03-24 12:55:08|gemini|thinking_0|20|QUESTION_ADVANCE||1297|95ebb033-c699-4fa0-9d16-60c4927c5317
2026-03-24 12:55:44|gemini|thinking_0|21|QUESTION_SENT||1533|34834439-ffd2-4892-955a-05d90fd0539e
2026-03-24 12:56:15|gemini|thinking_0|21|JSON_VERIFIED||1533|34834439-ffd2-4892-955a-05d90fd0539e
2026-03-24 12:56:15|gemini|thinking_0|21|QUESTION|35|1533|34834439-ffd2-4892-955a-05d90fd0539e
2026-03-24 12:56:15|gemini|thinking_0|21|JSON_SAVED||1533|34834439-ffd2-4892-955a-05d90fd0539e
2026-03-24 12:56:15|gemini|thinking_0|21|QUESTION_ADVANCE||1534|74b330ea-fb52-4dff-881c-2268b277df55
2026-03-24 12:57:46|gemini|thinking_0|20|QUESTION_SENT||1297|95ebb033-c699-4fa0-9d16-60c4927c5317
2026-03-24 12:58:33|gemini|thinking_0|20|JSON_VERIFIED||1297|95ebb033-c699-4fa0-9d16-60c4927c5317
2026-03-24 12:58:33|gemini|thinking_0|20|QUESTION|34|1297|95ebb033-c699-4fa0-9d16-60c4927c5317
2026-03-24 12:58:33|gemini|thinking_0|20|JSON_SAVED||1297|95ebb033-c699-4fa0-9d16-60c4927c5317
2026-03-24 12:58:33|gemini|thinking_0|20|QUESTION_ADVANCE||1298|4c258cc4-80ab-409a-9675-c27d1b9f269b
2026-03-24 12:58:59|gemini|thinking_0|21|QUESTION_SENT||1534|74b330ea-fb52-4dff-881c-2268b277df55
2026-03-24 12:59:34|gemini|thinking_0|21|JSON_VERIFIED||1534|74b330ea-fb52-4dff-881c-2268b277df55
2026-03-24 12:59:34|gemini|thinking_0|21|QUESTION|36|1534|74b330ea-fb52-4dff-881c-2268b277df55
2026-03-24 12:59:34|gemini|thinking_0|21|JSON_SAVED||1534|74b330ea-fb52-4dff-881c-2268b277df55
2026-03-24 12:59:34|gemini|thinking_0|21|QUESTION_ADVANCE||1535|2cd1fa2b-6320-446a-bca1-b5f5e2c8d2e8
2026-03-24 13:01:01|gemini|thinking_0|20|QUESTION_SENT||1298|4c258cc4-80ab-409a-9675-c27d1b9f269b
2026-03-24 13:01:34|gemini|thinking_0|20|JSON_VERIFIED||1298|4c258cc4-80ab-409a-9675-c27d1b9f269b
2026-03-24 13:01:34|gemini|thinking_0|20|QUESTION|35|1298|4c258cc4-80ab-409a-9675-c27d1b9f269b
2026-03-24 13:01:34|gemini|thinking_0|20|JSON_SAVED||1298|4c258cc4-80ab-409a-9675-c27d1b9f269b
2026-03-24 13:01:34|gemini|thinking_0|20|QUESTION_ADVANCE||1299|f2d7eb58-af9b-4e91-9872-95fb2594c785
2026-03-24 13:02:14|gemini|thinking_0|21|QUESTION_SENT||1535|2cd1fa2b-6320-446a-bca1-b5f5e2c8d2e8
2026-03-24 13:02:56|gemini|thinking_0|21|JSON_VERIFIED||1535|2cd1fa2b-6320-446a-bca1-b5f5e2c8d2e8
2026-03-24 13:02:56|gemini|thinking_0|21|QUESTION|37|1535|2cd1fa2b-6320-446a-bca1-b5f5e2c8d2e8
2026-03-24 13:02:56|gemini|thinking_0|21|JSON_SAVED||1535|2cd1fa2b-6320-446a-bca1-b5f5e2c8d2e8
2026-03-24 13:02:56|gemini|thinking_0|21|QUESTION_ADVANCE||1536|6d9d82dd-d1dd-4f94-a7b3-840f02c2eac6
2026-03-24 13:04:16|gemini|thinking_0|20|QUESTION_SENT||1299|f2d7eb58-af9b-4e91-9872-95fb2594c785
2026-03-24 13:04:49|gemini|thinking_0|20|JSON_VERIFY_FAILED||1299|f2d7eb58-af9b-4e91-9872-95fb2594c785
2026-03-24 13:04:49|gemini|thinking_0|20|QUESTION|36|1299|f2d7eb58-af9b-4e91-9872-95fb2594c785
2026-03-24 13:05:29|gemini|thinking_0|21|QUESTION_SENT||1536|6d9d82dd-d1dd-4f94-a7b3-840f02c2eac6
2026-03-24 13:06:09|gemini|thinking_0|21|JSON_VERIFIED||1536|6d9d82dd-d1dd-4f94-a7b3-840f02c2eac6
2026-03-24 13:06:09|gemini|thinking_0|21|QUESTION|38|1536|6d9d82dd-d1dd-4f94-a7b3-840f02c2eac6
2026-03-24 13:06:09|gemini|thinking_0|21|JSON_SAVED||1536|6d9d82dd-d1dd-4f94-a7b3-840f02c2eac6
2026-03-24 13:06:09|gemini|thinking_0|21|QUESTION_ADVANCE||1537|30882362-553c-4645-920b-12f209c51cc1
2026-03-24 13:07:31|gemini|thinking_0|20|QUESTION_SENT||1299|f2d7eb58-af9b-4e91-9872-95fb2594c785
2026-03-24 13:07:59|gemini|thinking_0|20|JSON_VERIFIED||1299|f2d7eb58-af9b-4e91-9872-95fb2594c785
2026-03-24 13:07:59|gemini|thinking_0|20|QUESTION|37|1299|f2d7eb58-af9b-4e91-9872-95fb2594c785
2026-03-24 13:07:59|gemini|thinking_0|20|JSON_SAVED||1299|f2d7eb58-af9b-4e91-9872-95fb2594c785
2026-03-24 13:07:59|gemini|thinking_0|20|QUESTION_ADVANCE||1300|d92ab15f-6827-482c-9a32-fe148085fc19
2026-03-24 13:08:44|gemini|thinking_0|21|QUESTION_SENT||1537|30882362-553c-4645-920b-12f209c51cc1
2026-03-24 13:09:15|gemini|thinking_0|21|JSON_VERIFIED||1537|30882362-553c-4645-920b-12f209c51cc1
2026-03-24 13:09:15|gemini|thinking_0|21|QUESTION|39|1537|30882362-553c-4645-920b-12f209c51cc1
2026-03-24 13:09:15|gemini|thinking_0|21|JSON_SAVED||1537|30882362-553c-4645-920b-12f209c51cc1
2026-03-24 13:09:15|gemini|thinking_0|21|QUESTION_ADVANCE||1538|3d799de0-4fbc-49db-b202-1a126802577e
2026-03-24 13:10:46|gemini|thinking_0|20|QUESTION_SENT||1300|d92ab15f-6827-482c-9a32-fe148085fc19
2026-03-24 13:11:30|gemini|thinking_0|20|JSON_VERIFIED||1300|d92ab15f-6827-482c-9a32-fe148085fc19
2026-03-24 13:11:30|gemini|thinking_0|20|QUESTION|38|1300|d92ab15f-6827-482c-9a32-fe148085fc19
2026-03-24 13:11:30|gemini|thinking_0|20|JSON_SAVED||1300|d92ab15f-6827-482c-9a32-fe148085fc19
2026-03-24 13:11:30|gemini|thinking_0|20|QUESTION_ADVANCE||1301|57caa898-21a1-43af-9746-cb2402385ed7
2026-03-24 13:11:59|gemini|thinking_0|21|QUESTION_SENT||1538|3d799de0-4fbc-49db-b202-1a126802577e
2026-03-24 13:12:41|gemini|thinking_0|21|JSON_VERIFIED||1538|3d799de0-4fbc-49db-b202-1a126802577e
2026-03-24 13:12:41|gemini|thinking_0|21|QUESTION|40|1538|3d799de0-4fbc-49db-b202-1a126802577e
2026-03-24 13:12:41|gemini|thinking_0|21|JSON_SAVED||1538|3d799de0-4fbc-49db-b202-1a126802577e
2026-03-24 13:12:41|gemini|thinking_0|21|QUESTION_ADVANCE||1539|b72b5450-52c8-44cb-9fec-212f4c34919a
2026-03-24 13:14:00|gemini|thinking_0|20|QUESTION_SENT||1301|57caa898-21a1-43af-9746-cb2402385ed7
2026-03-24 13:14:34|gemini|thinking_0|20|JSON_VERIFIED||1301|57caa898-21a1-43af-9746-cb2402385ed7
2026-03-24 13:14:34|gemini|thinking_0|20|QUESTION|39|1301|57caa898-21a1-43af-9746-cb2402385ed7
2026-03-24 13:14:34|gemini|thinking_0|20|JSON_SAVED||1301|57caa898-21a1-43af-9746-cb2402385ed7
2026-03-24 13:14:34|gemini|thinking_0|20|QUESTION_ADVANCE||1302|b0f73a66-1088-487a-9463-a259a3bf6b93
2026-03-24 13:15:14|gemini|thinking_0|21|QUESTION_SENT||1539|b72b5450-52c8-44cb-9fec-212f4c34919a
2026-03-24 13:15:48|gemini|thinking_0|21|JSON_VERIFIED||1539|b72b5450-52c8-44cb-9fec-212f4c34919a
2026-03-24 13:15:48|gemini|thinking_0|21|QUESTION|41|1539|b72b5450-52c8-44cb-9fec-212f4c34919a
2026-03-24 13:15:48|gemini|thinking_0|21|JSON_SAVED||1539|b72b5450-52c8-44cb-9fec-212f4c34919a
2026-03-24 13:15:48|gemini|thinking_0|21|QUESTION_ADVANCE||1540|1c471121-136b-4829-872d-c5b722414f72
2026-03-24 13:17:15|gemini|thinking_0|20|QUESTION_SENT||1302|b0f73a66-1088-487a-9463-a259a3bf6b93
2026-03-24 13:17:46|gemini|thinking_0|20|JSON_VERIFIED||1302|b0f73a66-1088-487a-9463-a259a3bf6b93
2026-03-24 13:17:46|gemini|thinking_0|20|QUESTION|40|1302|b0f73a66-1088-487a-9463-a259a3bf6b93
2026-03-24 13:17:46|gemini|thinking_0|20|JSON_SAVED||1302|b0f73a66-1088-487a-9463-a259a3bf6b93
2026-03-24 13:17:46|gemini|thinking_0|20|QUESTION_ADVANCE||1303|b37abd15-a99b-4c2f-b9fd-7c3c966377d7
2026-03-24 13:18:29|gemini|thinking_0|21|QUESTION_SENT||1540|1c471121-136b-4829-872d-c5b722414f72
2026-03-24 13:19:05|gemini|thinking_0|21|JSON_VERIFIED||1540|1c471121-136b-4829-872d-c5b722414f72
2026-03-24 13:19:05|gemini|thinking_0|21|QUESTION|42|1540|1c471121-136b-4829-872d-c5b722414f72
2026-03-24 13:19:05|gemini|thinking_0|21|JSON_SAVED||1540|1c471121-136b-4829-872d-c5b722414f72
2026-03-24 13:19:05|gemini|thinking_0|21|QUESTION_ADVANCE||1541|c7ad8fd6-8526-4f7b-91f4-5c9d83ccaf0d
2026-03-24 13:20:30|gemini|thinking_0|20|QUESTION_SENT||1303|b37abd15-a99b-4c2f-b9fd-7c3c966377d7
2026-03-24 13:21:02|gemini|thinking_0|20|JSON_VERIFIED||1303|b37abd15-a99b-4c2f-b9fd-7c3c966377d7
2026-03-24 13:21:02|gemini|thinking_0|20|QUESTION|41|1303|b37abd15-a99b-4c2f-b9fd-7c3c966377d7
2026-03-24 13:21:02|gemini|thinking_0|20|JSON_SAVED||1303|b37abd15-a99b-4c2f-b9fd-7c3c966377d7
2026-03-24 13:21:02|gemini|thinking_0|20|QUESTION_ADVANCE||1304|173ce4ed-b659-4429-9ab2-0f3f4df06037
2026-03-24 13:21:43|gemini|thinking_0|21|QUESTION_SENT||1541|c7ad8fd6-8526-4f7b-91f4-5c9d83ccaf0d
2026-03-24 13:23:45|gemini|thinking_0|20|QUESTION_SENT||1304|173ce4ed-b659-4429-9ab2-0f3f4df06037
2026-03-24 13:24:17|gemini|thinking_0|20|JSON_VERIFY_FAILED||1304|173ce4ed-b659-4429-9ab2-0f3f4df06037
2026-03-24 13:24:17|gemini|thinking_0|20|QUESTION|42|1304|173ce4ed-b659-4429-9ab2-0f3f4df06037
2026-03-24 13:24:25|gemini|thinking_0|21|JSON_VERIFIED||1541|c7ad8fd6-8526-4f7b-91f4-5c9d83ccaf0d
2026-03-24 13:24:25|gemini|thinking_0|21|QUESTION|43|1541|c7ad8fd6-8526-4f7b-91f4-5c9d83ccaf0d
2026-03-24 13:24:25|gemini|thinking_0|21|JSON_SAVED||1541|c7ad8fd6-8526-4f7b-91f4-5c9d83ccaf0d
2026-03-24 13:24:25|gemini|thinking_0|21|QUESTION_ADVANCE||1542|e9535387-0776-45fb-9708-916b04991257
2026-03-24 13:24:58|gemini|thinking_0|21|QUESTION_SENT||1542|e9535387-0776-45fb-9708-916b04991257
2026-03-24 13:25:33|gemini|thinking_0|21|JSON_VERIFIED||1542|e9535387-0776-45fb-9708-916b04991257
2026-03-24 13:25:33|gemini|thinking_0|21|QUESTION|44|1542|e9535387-0776-45fb-9708-916b04991257
2026-03-24 13:25:33|gemini|thinking_0|21|JSON_SAVED||1542|e9535387-0776-45fb-9708-916b04991257
2026-03-24 13:25:33|gemini|thinking_0|21|QUESTION_ADVANCE||1543|ee54f252-97bd-4845-9054-dbb0516b0b7d
2026-03-24 13:27:00|gemini|thinking_0|20|QUESTION_SENT||1304|173ce4ed-b659-4429-9ab2-0f3f4df06037
2026-03-24 13:27:32|gemini|thinking_0|20|JSON_VERIFIED||1304|173ce4ed-b659-4429-9ab2-0f3f4df06037
2026-03-24 13:27:32|gemini|thinking_0|20|QUESTION|43|1304|173ce4ed-b659-4429-9ab2-0f3f4df06037
2026-03-24 13:27:32|gemini|thinking_0|20|JSON_SAVED||1304|173ce4ed-b659-4429-9ab2-0f3f4df06037
2026-03-24 13:27:32|gemini|thinking_0|20|QUESTION_ADVANCE||1305|6d25d78a-d764-4de4-8969-f09d558f16c1
2026-03-24 13:28:13|gemini|thinking_0|21|QUESTION_SENT||1543|ee54f252-97bd-4845-9054-dbb0516b0b7d
2026-03-24 13:28:43|gemini|thinking_0|21|JSON_VERIFIED||1543|ee54f252-97bd-4845-9054-dbb0516b0b7d
2026-03-24 13:28:43|gemini|thinking_0|21|QUESTION|45|1543|ee54f252-97bd-4845-9054-dbb0516b0b7d
2026-03-24 13:28:43|gemini|thinking_0|21|JSON_SAVED||1543|ee54f252-97bd-4845-9054-dbb0516b0b7d
2026-03-24 13:28:43|gemini|thinking_0|21|QUESTION_ADVANCE||1544|ed6d2ebd-c000-41e4-b8e7-707f52aa823a
2026-03-24 13:30:15|gemini|thinking_0|20|QUESTION_SENT||1305|6d25d78a-d764-4de4-8969-f09d558f16c1
2026-03-24 13:30:50|gemini|thinking_0|20|JSON_VERIFIED||1305|6d25d78a-d764-4de4-8969-f09d558f16c1
2026-03-24 13:30:50|gemini|thinking_0|20|QUESTION|44|1305|6d25d78a-d764-4de4-8969-f09d558f16c1
2026-03-24 13:30:50|gemini|thinking_0|20|JSON_SAVED||1305|6d25d78a-d764-4de4-8969-f09d558f16c1
2026-03-24 13:30:50|gemini|thinking_0|20|QUESTION_ADVANCE||1306|60c37f97-29a9-4813-9fb6-ce841e4b392b
2026-03-24 13:31:27|gemini|thinking_0|21|QUESTION_SENT||1544|ed6d2ebd-c000-41e4-b8e7-707f52aa823a
2026-03-24 13:32:04|gemini|thinking_0|21|JSON_VERIFIED||1544|ed6d2ebd-c000-41e4-b8e7-707f52aa823a
2026-03-24 13:32:04|gemini|thinking_0|21|QUESTION|46|1544|ed6d2ebd-c000-41e4-b8e7-707f52aa823a
2026-03-24 13:32:04|gemini|thinking_0|21|JSON_SAVED||1544|ed6d2ebd-c000-41e4-b8e7-707f52aa823a
2026-03-24 13:32:04|gemini|thinking_0|21|QUESTION_ADVANCE||1545|3182aa2d-6fa4-4472-9d13-c5be64d1fffd
2026-03-24 13:33:30|gemini|thinking_0|20|QUESTION_SENT||1306|60c37f97-29a9-4813-9fb6-ce841e4b392b
2026-03-24 13:34:03|gemini|thinking_0|20|JSON_VERIFIED||1306|60c37f97-29a9-4813-9fb6-ce841e4b392b
2026-03-24 13:34:03|gemini|thinking_0|20|QUESTION|45|1306|60c37f97-29a9-4813-9fb6-ce841e4b392b
2026-03-24 13:34:03|gemini|thinking_0|20|JSON_SAVED||1306|60c37f97-29a9-4813-9fb6-ce841e4b392b
2026-03-24 13:34:03|gemini|thinking_0|20|QUESTION_ADVANCE||1307|57b4758e-6767-4d5e-aa12-0b57b57e8ef2
2026-03-24 13:34:42|gemini|thinking_0|21|QUESTION_SENT||1545|3182aa2d-6fa4-4472-9d13-c5be64d1fffd
2026-03-24 13:35:16|gemini|thinking_0|21|JSON_VERIFIED||1545|3182aa2d-6fa4-4472-9d13-c5be64d1fffd
2026-03-24 13:35:16|gemini|thinking_0|21|QUESTION|47|1545|3182aa2d-6fa4-4472-9d13-c5be64d1fffd
2026-03-24 13:35:16|gemini|thinking_0|21|JSON_SAVED||1545|3182aa2d-6fa4-4472-9d13-c5be64d1fffd
2026-03-24 13:35:16|gemini|thinking_0|21|QUESTION_ADVANCE||1546|76b37808-ca2d-4612-aaae-78889d827a5f
2026-03-24 13:36:45|gemini|thinking_0|20|QUESTION_SENT||1307|57b4758e-6767-4d5e-aa12-0b57b57e8ef2
2026-03-24 13:37:22|gemini|thinking_0|20|JSON_VERIFIED||1307|57b4758e-6767-4d5e-aa12-0b57b57e8ef2
2026-03-24 13:37:22|gemini|thinking_0|20|QUESTION|46|1307|57b4758e-6767-4d5e-aa12-0b57b57e8ef2
2026-03-24 13:37:22|gemini|thinking_0|20|JSON_SAVED||1307|57b4758e-6767-4d5e-aa12-0b57b57e8ef2
2026-03-24 13:37:22|gemini|thinking_0|20|QUESTION_ADVANCE||1308|e6b36b60-d8d5-4e10-be57-9e5f3370578e
2026-03-24 13:37:57|gemini|thinking_0|21|QUESTION_SENT||1546|76b37808-ca2d-4612-aaae-78889d827a5f
2026-03-24 13:38:35|gemini|thinking_0|21|JSON_VERIFIED||1546|76b37808-ca2d-4612-aaae-78889d827a5f
2026-03-24 13:38:35|gemini|thinking_0|21|QUESTION|48|1546|76b37808-ca2d-4612-aaae-78889d827a5f
2026-03-24 13:38:35|gemini|thinking_0|21|JSON_SAVED||1546|76b37808-ca2d-4612-aaae-78889d827a5f
2026-03-24 13:38:35|gemini|thinking_0|21|QUESTION_ADVANCE||1547|29c67ae4-2044-4785-b14b-3c2959caef25
2026-03-24 13:39:59|gemini|thinking_0|20|QUESTION_SENT||1308|e6b36b60-d8d5-4e10-be57-9e5f3370578e
2026-03-24 13:40:38|gemini|thinking_0|20|JSON_VERIFIED||1308|e6b36b60-d8d5-4e10-be57-9e5f3370578e
2026-03-24 13:40:38|gemini|thinking_0|20|QUESTION|47|1308|e6b36b60-d8d5-4e10-be57-9e5f3370578e
2026-03-24 13:40:38|gemini|thinking_0|20|JSON_SAVED||1308|e6b36b60-d8d5-4e10-be57-9e5f3370578e
2026-03-24 13:40:38|gemini|thinking_0|20|QUESTION_ADVANCE||1309|5132e5d6-bfcb-4aa9-a8f0-dfbf591627d4
2026-03-24 13:41:12|gemini|thinking_0|21|QUESTION_SENT||1547|29c67ae4-2044-4785-b14b-3c2959caef25
2026-03-24 13:41:46|gemini|thinking_0|21|JSON_VERIFIED||1547|29c67ae4-2044-4785-b14b-3c2959caef25
2026-03-24 13:41:46|gemini|thinking_0|21|QUESTION|49|1547|29c67ae4-2044-4785-b14b-3c2959caef25
2026-03-24 13:41:46|gemini|thinking_0|21|JSON_SAVED||1547|29c67ae4-2044-4785-b14b-3c2959caef25
2026-03-24 13:41:46|gemini|thinking_0|21|QUESTION_ADVANCE||1548|4fc496e1-5834-4383-a5fb-4b1260d31300
2026-03-24 13:43:36|gemini|thinking_0|20|QUESTION_SENT||1309|5132e5d6-bfcb-4aa9-a8f0-dfbf591627d4
2026-03-24 13:44:09|gemini|thinking_0|20|JSON_VERIFIED||1309|5132e5d6-bfcb-4aa9-a8f0-dfbf591627d4
2026-03-24 13:44:09|gemini|thinking_0|20|QUESTION|48|1309|5132e5d6-bfcb-4aa9-a8f0-dfbf591627d4
2026-03-24 13:44:09|gemini|thinking_0|20|JSON_SAVED||1309|5132e5d6-bfcb-4aa9-a8f0-dfbf591627d4
2026-03-24 13:44:09|gemini|thinking_0|20|QUESTION_ADVANCE||1310|9a5a6548-dfd3-4d6e-9929-a11e60f8f5a4
2026-03-24 13:44:27|gemini|thinking_0|21|QUESTION_SENT||1548|4fc496e1-5834-4383-a5fb-4b1260d31300
2026-03-24 13:44:58|gemini|thinking_0|21|JSON_VERIFIED||1548|4fc496e1-5834-4383-a5fb-4b1260d31300
2026-03-24 13:44:58|gemini|thinking_0|21|QUESTION|50|1548|4fc496e1-5834-4383-a5fb-4b1260d31300
2026-03-24 13:44:58|gemini|thinking_0|21|JSON_SAVED||1548|4fc496e1-5834-4383-a5fb-4b1260d31300
2026-03-24 13:44:58|gemini|thinking_0|21|QUESTION_ADVANCE||1549|72b13da7-d25d-4001-bde9-d39e9d440b36
2026-03-24 13:46:51|gemini|thinking_0|20|QUESTION_SENT||1310|9a5a6548-dfd3-4d6e-9929-a11e60f8f5a4
2026-03-24 13:47:28|gemini|thinking_0|20|JSON_VERIFIED||1310|9a5a6548-dfd3-4d6e-9929-a11e60f8f5a4
2026-03-24 13:47:28|gemini|thinking_0|20|QUESTION|49|1310|9a5a6548-dfd3-4d6e-9929-a11e60f8f5a4
2026-03-24 13:47:28|gemini|thinking_0|20|JSON_SAVED||1310|9a5a6548-dfd3-4d6e-9929-a11e60f8f5a4
2026-03-24 13:47:28|gemini|thinking_0|20|QUESTION_ADVANCE||1311|5b92e0f0-7b57-4c3e-89d8-c04b82ea1c9d
2026-03-24 13:47:41|gemini|thinking_0|21|QUESTION_SENT||1549|72b13da7-d25d-4001-bde9-d39e9d440b36
2026-03-24 13:48:14|gemini|thinking_0|21|JSON_VERIFIED||1549|72b13da7-d25d-4001-bde9-d39e9d440b36
2026-03-24 13:48:14|gemini|thinking_0|21|QUESTION|51|1549|72b13da7-d25d-4001-bde9-d39e9d440b36
2026-03-24 13:48:14|gemini|thinking_0|21|JSON_SAVED||1549|72b13da7-d25d-4001-bde9-d39e9d440b36
2026-03-24 13:48:14|gemini|thinking_0|21|QUESTION_ADVANCE||1550|3c1bbeba-6735-4ee3-97d5-e639a6ebcf7c
2026-03-24 13:50:06|gemini|thinking_0|20|QUESTION_SENT||1311|5b92e0f0-7b57-4c3e-89d8-c04b82ea1c9d
2026-03-24 13:50:44|gemini|thinking_0|20|JSON_VERIFIED||1311|5b92e0f0-7b57-4c3e-89d8-c04b82ea1c9d
2026-03-24 13:50:44|gemini|thinking_0|20|QUESTION|50|1311|5b92e0f0-7b57-4c3e-89d8-c04b82ea1c9d
2026-03-24 13:50:44|gemini|thinking_0|20|JSON_SAVED||1311|5b92e0f0-7b57-4c3e-89d8-c04b82ea1c9d
2026-03-24 13:50:44|gemini|thinking_0|20|QUESTION_ADVANCE||1312|538bb008-6dd8-415b-9919-e04f613b6cc3
2026-03-24 13:50:56|gemini|thinking_0|21|QUESTION_SENT||1550|3c1bbeba-6735-4ee3-97d5-e639a6ebcf7c
2026-03-24 13:51:28|gemini|thinking_0|21|JSON_VERIFIED||1550|3c1bbeba-6735-4ee3-97d5-e639a6ebcf7c
2026-03-24 13:51:28|gemini|thinking_0|21|QUESTION|52|1550|3c1bbeba-6735-4ee3-97d5-e639a6ebcf7c
2026-03-24 13:51:28|gemini|thinking_0|21|JSON_SAVED||1550|3c1bbeba-6735-4ee3-97d5-e639a6ebcf7c
2026-03-24 13:51:28|gemini|thinking_0|21|QUESTION_ADVANCE||1551|512e728b-84bf-46aa-bb14-06bbdb028c27
2026-03-24 13:53:21|gemini|thinking_0|20|QUESTION_SENT||1312|538bb008-6dd8-415b-9919-e04f613b6cc3
2026-03-24 13:54:01|gemini|thinking_0|20|JSON_VERIFIED||1312|538bb008-6dd8-415b-9919-e04f613b6cc3
2026-03-24 13:54:01|gemini|thinking_0|20|QUESTION|51|1312|538bb008-6dd8-415b-9919-e04f613b6cc3
2026-03-24 13:54:01|gemini|thinking_0|20|JSON_SAVED||1312|538bb008-6dd8-415b-9919-e04f613b6cc3
2026-03-24 13:54:01|gemini|thinking_0|20|QUESTION_ADVANCE||1313|f23560cc-bfc0-4445-9188-37e4b68756f8
2026-03-24 13:54:11|gemini|thinking_0|21|QUESTION_SENT||1551|512e728b-84bf-46aa-bb14-06bbdb028c27
2026-03-24 13:54:46|gemini|thinking_0|21|JSON_VERIFIED||1551|512e728b-84bf-46aa-bb14-06bbdb028c27
2026-03-24 13:54:46|gemini|thinking_0|21|QUESTION|53|1551|512e728b-84bf-46aa-bb14-06bbdb028c27
2026-03-24 13:54:46|gemini|thinking_0|21|JSON_SAVED||1551|512e728b-84bf-46aa-bb14-06bbdb028c27
2026-03-24 13:54:46|gemini|thinking_0|21|QUESTION_ADVANCE||1552|0b552361-87c0-4840-9e58-640eba93d9a6
2026-03-24 13:56:36|gemini|thinking_0|20|QUESTION_SENT||1313|f23560cc-bfc0-4445-9188-37e4b68756f8
2026-03-24 13:57:13|gemini|thinking_0|20|JSON_VERIFIED||1313|f23560cc-bfc0-4445-9188-37e4b68756f8
2026-03-24 13:57:13|gemini|thinking_0|20|QUESTION|52|1313|f23560cc-bfc0-4445-9188-37e4b68756f8
2026-03-24 13:57:13|gemini|thinking_0|20|JSON_SAVED||1313|f23560cc-bfc0-4445-9188-37e4b68756f8
2026-03-24 13:57:13|gemini|thinking_0|20|QUESTION_ADVANCE||1314|183f9078-37c9-4059-bcd2-661150bdb159
2026-03-24 13:57:25|gemini|thinking_0|21|QUESTION_SENT||1552|0b552361-87c0-4840-9e58-640eba93d9a6
2026-03-24 13:58:01|gemini|thinking_0|21|JSON_VERIFIED||1552|0b552361-87c0-4840-9e58-640eba93d9a6
2026-03-24 13:58:01|gemini|thinking_0|21|QUESTION|54|1552|0b552361-87c0-4840-9e58-640eba93d9a6
2026-03-24 13:58:01|gemini|thinking_0|21|JSON_SAVED||1552|0b552361-87c0-4840-9e58-640eba93d9a6
2026-03-24 13:58:01|gemini|thinking_0|21|QUESTION_ADVANCE||1553|d3cb71a3-d3a2-4515-9450-8e75243ad2ad
2026-03-24 13:59:51|gemini|thinking_0|20|QUESTION_SENT||1314|183f9078-37c9-4059-bcd2-661150bdb159
2026-03-24 14:00:24|gemini|thinking_0|20|JSON_VERIFIED||1314|183f9078-37c9-4059-bcd2-661150bdb159
2026-03-24 14:00:24|gemini|thinking_0|20|QUESTION|53|1314|183f9078-37c9-4059-bcd2-661150bdb159
2026-03-24 14:00:24|gemini|thinking_0|20|JSON_SAVED||1314|183f9078-37c9-4059-bcd2-661150bdb159
2026-03-24 14:00:24|gemini|thinking_0|20|QUESTION_ADVANCE||1315|6882cabc-33d5-4113-b6ca-d2089944c0ac
2026-03-24 14:00:40|gemini|thinking_0|21|QUESTION_SENT||1553|d3cb71a3-d3a2-4515-9450-8e75243ad2ad
2026-03-24 14:01:17|gemini|thinking_0|21|JSON_VERIFIED||1553|d3cb71a3-d3a2-4515-9450-8e75243ad2ad
2026-03-24 14:01:17|gemini|thinking_0|21|QUESTION|55|1553|d3cb71a3-d3a2-4515-9450-8e75243ad2ad
2026-03-24 14:01:17|gemini|thinking_0|21|JSON_SAVED||1553|d3cb71a3-d3a2-4515-9450-8e75243ad2ad
2026-03-24 14:01:17|gemini|thinking_0|21|QUESTION_ADVANCE||1554|650bc1e1-dcbb-4b30-abd6-c5426cb2deb8
2026-03-24 14:03:06|gemini|thinking_0|20|QUESTION_SENT||1315|6882cabc-33d5-4113-b6ca-d2089944c0ac
2026-03-24 14:03:37|gemini|thinking_0|20|JSON_VERIFIED||1315|6882cabc-33d5-4113-b6ca-d2089944c0ac
2026-03-24 14:03:37|gemini|thinking_0|20|QUESTION|54|1315|6882cabc-33d5-4113-b6ca-d2089944c0ac
2026-03-24 14:03:37|gemini|thinking_0|20|JSON_SAVED||1315|6882cabc-33d5-4113-b6ca-d2089944c0ac
2026-03-24 14:03:37|gemini|thinking_0|20|QUESTION_ADVANCE||1316|53ded36f-113b-47b6-9e73-14c315f6648b
2026-03-24 14:03:55|gemini|thinking_0|21|QUESTION_SENT||1554|650bc1e1-dcbb-4b30-abd6-c5426cb2deb8
2026-03-24 14:04:36|gemini|thinking_0|21|JSON_VERIFIED||1554|650bc1e1-dcbb-4b30-abd6-c5426cb2deb8
2026-03-24 14:04:36|gemini|thinking_0|21|QUESTION|56|1554|650bc1e1-dcbb-4b30-abd6-c5426cb2deb8
2026-03-24 14:04:36|gemini|thinking_0|21|JSON_SAVED||1554|650bc1e1-dcbb-4b30-abd6-c5426cb2deb8
2026-03-24 14:04:36|gemini|thinking_0|21|QUESTION_ADVANCE||1555|f356e958-0724-410a-bf3a-272e0178ed67
2026-03-24 14:06:21|gemini|thinking_0|20|QUESTION_SENT||1316|53ded36f-113b-47b6-9e73-14c315f6648b
2026-03-24 14:06:56|gemini|thinking_0|20|JSON_VERIFY_FAILED||1316|53ded36f-113b-47b6-9e73-14c315f6648b
2026-03-24 14:06:56|gemini|thinking_0|20|QUESTION|55|1316|53ded36f-113b-47b6-9e73-14c315f6648b
2026-03-24 14:07:10|gemini|thinking_0|21|QUESTION_SENT||1555|f356e958-0724-410a-bf3a-272e0178ed67
2026-03-24 14:07:41|gemini|thinking_0|21|JSON_VERIFIED||1555|f356e958-0724-410a-bf3a-272e0178ed67
2026-03-24 14:07:41|gemini|thinking_0|21|QUESTION|57|1555|f356e958-0724-410a-bf3a-272e0178ed67
2026-03-24 14:07:41|gemini|thinking_0|21|JSON_SAVED||1555|f356e958-0724-410a-bf3a-272e0178ed67
2026-03-24 14:07:41|gemini|thinking_0|21|QUESTION_ADVANCE||1556|e9ec275e-66b9-417a-ba11-2bca70673e21
2026-03-24 14:09:35|gemini|thinking_0|20|QUESTION_SENT||1316|53ded36f-113b-47b6-9e73-14c315f6648b
2026-03-24 14:10:10|gemini|thinking_0|20|JSON_VERIFIED||1316|53ded36f-113b-47b6-9e73-14c315f6648b
2026-03-24 14:10:10|gemini|thinking_0|20|QUESTION|56|1316|53ded36f-113b-47b6-9e73-14c315f6648b
2026-03-24 14:10:10|gemini|thinking_0|20|JSON_SAVED||1316|53ded36f-113b-47b6-9e73-14c315f6648b
2026-03-24 14:10:10|gemini|thinking_0|20|QUESTION_ADVANCE||1317|087e03a3-f4e3-4c23-8c5d-c9cb5f2d773f
2026-03-24 14:10:25|gemini|thinking_0|21|QUESTION_SENT||1556|e9ec275e-66b9-417a-ba11-2bca70673e21
2026-03-24 14:10:58|gemini|thinking_0|21|JSON_VERIFIED||1556|e9ec275e-66b9-417a-ba11-2bca70673e21
2026-03-24 14:10:58|gemini|thinking_0|21|QUESTION|58|1556|e9ec275e-66b9-417a-ba11-2bca70673e21
2026-03-24 14:10:58|gemini|thinking_0|21|JSON_SAVED||1556|e9ec275e-66b9-417a-ba11-2bca70673e21
2026-03-24 14:10:58|gemini|thinking_0|21|QUESTION_ADVANCE||1557|10bd2c33-3fd5-4989-a2f2-afb6dcbcbb5a
2026-03-24 14:12:50|gemini|thinking_0|20|QUESTION_SENT||1317|087e03a3-f4e3-4c23-8c5d-c9cb5f2d773f
2026-03-24 14:13:25|gemini|thinking_0|20|JSON_VERIFIED||1317|087e03a3-f4e3-4c23-8c5d-c9cb5f2d773f
2026-03-24 14:13:25|gemini|thinking_0|20|QUESTION|57|1317|087e03a3-f4e3-4c23-8c5d-c9cb5f2d773f
2026-03-24 14:13:25|gemini|thinking_0|20|JSON_SAVED||1317|087e03a3-f4e3-4c23-8c5d-c9cb5f2d773f
2026-03-24 14:13:25|gemini|thinking_0|20|QUESTION_ADVANCE||1318|a40b6504-f80e-4c0d-a838-4670ac8140ee
2026-03-24 14:13:40|gemini|thinking_0|21|QUESTION_SENT||1557|10bd2c33-3fd5-4989-a2f2-afb6dcbcbb5a
2026-03-24 14:14:24|gemini|thinking_0|21|JSON_VERIFIED||1557|10bd2c33-3fd5-4989-a2f2-afb6dcbcbb5a
2026-03-24 14:14:24|gemini|thinking_0|21|QUESTION|59|1557|10bd2c33-3fd5-4989-a2f2-afb6dcbcbb5a
2026-03-24 14:14:24|gemini|thinking_0|21|JSON_SAVED||1557|10bd2c33-3fd5-4989-a2f2-afb6dcbcbb5a
2026-03-24 14:14:24|gemini|thinking_0|21|QUESTION_ADVANCE||1558|44a4ac7e-55ba-4722-ac6e-54578fcb8a02
2026-03-24 14:16:04|gemini|thinking_0|20|QUESTION_SENT||1318|a40b6504-f80e-4c0d-a838-4670ac8140ee
2026-03-24 14:16:41|gemini|thinking_0|20|JSON_VERIFIED||1318|a40b6504-f80e-4c0d-a838-4670ac8140ee
2026-03-24 14:16:41|gemini|thinking_0|20|QUESTION|58|1318|a40b6504-f80e-4c0d-a838-4670ac8140ee
2026-03-24 14:16:41|gemini|thinking_0|20|JSON_SAVED||1318|a40b6504-f80e-4c0d-a838-4670ac8140ee
2026-03-24 14:16:41|gemini|thinking_0|20|QUESTION_ADVANCE||1319|b3f46058-c38c-41ea-b01c-b0be875c47da
2026-03-24 14:16:54|gemini|thinking_0|21|QUESTION_SENT||1558|44a4ac7e-55ba-4722-ac6e-54578fcb8a02
2026-03-24 14:17:25|gemini|thinking_0|21|JSON_VERIFIED||1558|44a4ac7e-55ba-4722-ac6e-54578fcb8a02
2026-03-24 14:17:25|gemini|thinking_0|21|QUESTION|60|1558|44a4ac7e-55ba-4722-ac6e-54578fcb8a02
2026-03-24 14:17:25|gemini|thinking_0|21|JSON_SAVED||1558|44a4ac7e-55ba-4722-ac6e-54578fcb8a02
2026-03-24 14:17:25|gemini|thinking_0|21|QUESTION_ADVANCE||1559|6b2a49ad-3ed5-49d5-9d89-283916b4113f
2026-03-24 14:19:19|gemini|thinking_0|20|QUESTION_SENT||1319|b3f46058-c38c-41ea-b01c-b0be875c47da
2026-03-24 14:19:59|gemini|thinking_0|20|JSON_VERIFIED||1319|b3f46058-c38c-41ea-b01c-b0be875c47da
2026-03-24 14:19:59|gemini|thinking_0|20|QUESTION|59|1319|b3f46058-c38c-41ea-b01c-b0be875c47da
2026-03-24 14:19:59|gemini|thinking_0|20|JSON_SAVED||1319|b3f46058-c38c-41ea-b01c-b0be875c47da
2026-03-24 14:19:59|gemini|thinking_0|20|QUESTION_ADVANCE||1320|d6b55744-04b4-4b1e-980b-dd38f0a8f4f9
2026-03-24 14:20:09|gemini|thinking_0|21|QUESTION_SENT||1559|6b2a49ad-3ed5-49d5-9d89-283916b4113f
2026-03-24 14:20:45|gemini|thinking_0|21|JSON_VERIFIED||1559|6b2a49ad-3ed5-49d5-9d89-283916b4113f
2026-03-24 14:20:45|gemini|thinking_0|21|QUESTION|61|1559|6b2a49ad-3ed5-49d5-9d89-283916b4113f
2026-03-24 14:20:45|gemini|thinking_0|21|JSON_SAVED||1559|6b2a49ad-3ed5-49d5-9d89-283916b4113f
2026-03-24 14:20:45|gemini|thinking_0|21|QUESTION_ADVANCE||1560|86298bc1-d498-4883-b0f3-78b2599f42c9
2026-03-24 14:22:34|gemini|thinking_0|20|QUESTION_SENT||1320|d6b55744-04b4-4b1e-980b-dd38f0a8f4f9
2026-03-24 14:23:04|gemini|thinking_0|20|JSON_VERIFIED||1320|d6b55744-04b4-4b1e-980b-dd38f0a8f4f9
2026-03-24 14:23:04|gemini|thinking_0|20|QUESTION|60|1320|d6b55744-04b4-4b1e-980b-dd38f0a8f4f9
2026-03-24 14:23:04|gemini|thinking_0|20|JSON_SAVED||1320|d6b55744-04b4-4b1e-980b-dd38f0a8f4f9
2026-03-24 14:23:04|gemini|thinking_0|20|QUESTION_ADVANCE||1321|c058a5ea-ccee-4258-acf1-a9fec17f1821
2026-03-24 14:23:23|gemini|thinking_0|21|QUESTION_SENT||1560|86298bc1-d498-4883-b0f3-78b2599f42c9
2026-03-24 14:23:58|gemini|thinking_0|21|JSON_VERIFIED||1560|86298bc1-d498-4883-b0f3-78b2599f42c9
2026-03-24 14:23:58|gemini|thinking_0|21|QUESTION|62|1560|86298bc1-d498-4883-b0f3-78b2599f42c9
2026-03-24 14:23:58|gemini|thinking_0|21|JSON_SAVED||1560|86298bc1-d498-4883-b0f3-78b2599f42c9
2026-03-24 14:23:58|gemini|thinking_0|21|QUESTION_ADVANCE||1561|53426148-ee38-4190-bc76-8803b2b24eab
2026-03-24 14:25:48|gemini|thinking_0|20|QUESTION_SENT||1321|c058a5ea-ccee-4258-acf1-a9fec17f1821
2026-03-24 14:26:21|gemini|thinking_0|20|JSON_VERIFIED||1321|c058a5ea-ccee-4258-acf1-a9fec17f1821
2026-03-24 14:26:21|gemini|thinking_0|20|QUESTION|61|1321|c058a5ea-ccee-4258-acf1-a9fec17f1821
2026-03-24 14:26:21|gemini|thinking_0|20|JSON_SAVED||1321|c058a5ea-ccee-4258-acf1-a9fec17f1821
2026-03-24 14:26:21|gemini|thinking_0|20|QUESTION_ADVANCE||1322|81e4e418-9a1b-4d8a-b938-f926351a0d14
2026-03-24 14:26:38|gemini|thinking_0|21|QUESTION_SENT||1561|53426148-ee38-4190-bc76-8803b2b24eab
2026-03-24 14:27:18|gemini|thinking_0|21|JSON_VERIFIED||1561|53426148-ee38-4190-bc76-8803b2b24eab
2026-03-24 14:27:18|gemini|thinking_0|21|QUESTION|63|1561|53426148-ee38-4190-bc76-8803b2b24eab
2026-03-24 14:27:18|gemini|thinking_0|21|JSON_SAVED||1561|53426148-ee38-4190-bc76-8803b2b24eab
2026-03-24 14:27:18|gemini|thinking_0|21|QUESTION_ADVANCE||1562|90ac71d5-108f-41a0-8e45-f74b66a0f44a
2026-03-24 14:29:03|gemini|thinking_0|20|QUESTION_SENT||1322|81e4e418-9a1b-4d8a-b938-f926351a0d14
2026-03-24 14:29:39|gemini|thinking_0|20|JSON_VERIFIED||1322|81e4e418-9a1b-4d8a-b938-f926351a0d14
2026-03-24 14:29:39|gemini|thinking_0|20|QUESTION|62|1322|81e4e418-9a1b-4d8a-b938-f926351a0d14
2026-03-24 14:29:39|gemini|thinking_0|20|JSON_SAVED||1322|81e4e418-9a1b-4d8a-b938-f926351a0d14
2026-03-24 14:29:39|gemini|thinking_0|20|QUESTION_ADVANCE||1323|0d54f228-a7d1-4c4e-a869-dba3ec832fab
2026-03-24 14:29:53|gemini|thinking_0|21|QUESTION_SENT||1562|90ac71d5-108f-41a0-8e45-f74b66a0f44a
2026-03-24 14:30:25|gemini|thinking_0|21|JSON_VERIFIED||1562|90ac71d5-108f-41a0-8e45-f74b66a0f44a
2026-03-24 14:30:25|gemini|thinking_0|21|QUESTION|64|1562|90ac71d5-108f-41a0-8e45-f74b66a0f44a
2026-03-24 14:30:25|gemini|thinking_0|21|JSON_SAVED||1562|90ac71d5-108f-41a0-8e45-f74b66a0f44a
2026-03-24 14:30:25|gemini|thinking_0|21|QUESTION_ADVANCE||1563|c361d044-d910-49e8-b3b0-8260b7828ef5
2026-03-24 14:32:18|gemini|thinking_0|20|QUESTION_SENT||1323|0d54f228-a7d1-4c4e-a869-dba3ec832fab
2026-03-24 14:32:56|gemini|thinking_0|20|JSON_VERIFIED||1323|0d54f228-a7d1-4c4e-a869-dba3ec832fab
2026-03-24 14:32:56|gemini|thinking_0|20|QUESTION|63|1323|0d54f228-a7d1-4c4e-a869-dba3ec832fab
2026-03-24 14:32:56|gemini|thinking_0|20|JSON_SAVED||1323|0d54f228-a7d1-4c4e-a869-dba3ec832fab
2026-03-24 14:32:56|gemini|thinking_0|20|QUESTION_ADVANCE||1324|fa8b1d63-2d2d-48d9-97f7-5a935962fee0
2026-03-24 14:33:08|gemini|thinking_0|21|QUESTION_SENT||1563|c361d044-d910-49e8-b3b0-8260b7828ef5
2026-03-24 14:33:43|gemini|thinking_0|21|JSON_VERIFIED||1563|c361d044-d910-49e8-b3b0-8260b7828ef5
2026-03-24 14:33:43|gemini|thinking_0|21|QUESTION|65|1563|c361d044-d910-49e8-b3b0-8260b7828ef5
2026-03-24 14:33:43|gemini|thinking_0|21|JSON_SAVED||1563|c361d044-d910-49e8-b3b0-8260b7828ef5
2026-03-24 14:33:43|gemini|thinking_0|21|QUESTION_ADVANCE||1564|a74f0746-7f00-4fcf-8432-d4a49f6a1c47
2026-03-24 14:35:33|gemini|thinking_0|20|QUESTION_SENT||1324|fa8b1d63-2d2d-48d9-97f7-5a935962fee0
2026-03-24 14:36:04|gemini|thinking_0|20|JSON_VERIFIED||1324|fa8b1d63-2d2d-48d9-97f7-5a935962fee0
2026-03-24 14:36:04|gemini|thinking_0|20|QUESTION|64|1324|fa8b1d63-2d2d-48d9-97f7-5a935962fee0
2026-03-24 14:36:04|gemini|thinking_0|20|JSON_SAVED||1324|fa8b1d63-2d2d-48d9-97f7-5a935962fee0
2026-03-24 14:36:04|gemini|thinking_0|20|QUESTION_ADVANCE||1325|84e73f63-8cab-4dd6-a2a9-33d7c44fed5e
2026-03-24 14:36:22|gemini|thinking_0|21|QUESTION_SENT||1564|a74f0746-7f00-4fcf-8432-d4a49f6a1c47
2026-03-24 14:36:51|gemini|thinking_0|21|JSON_VERIFIED||1564|a74f0746-7f00-4fcf-8432-d4a49f6a1c47
2026-03-24 14:36:51|gemini|thinking_0|21|QUESTION|66|1564|a74f0746-7f00-4fcf-8432-d4a49f6a1c47
2026-03-24 14:36:51|gemini|thinking_0|21|JSON_SAVED||1564|a74f0746-7f00-4fcf-8432-d4a49f6a1c47
2026-03-24 14:36:51|gemini|thinking_0|21|QUESTION_ADVANCE||1565|8348b736-61cb-4677-b035-b63f17449990
2026-03-24 14:38:48|gemini|thinking_0|20|QUESTION_SENT||1325|84e73f63-8cab-4dd6-a2a9-33d7c44fed5e
2026-03-24 14:39:37|gemini|thinking_0|21|QUESTION_SENT||1565|8348b736-61cb-4677-b035-b63f17449990
2026-03-24 14:40:09|gemini|thinking_0|21|JSON_VERIFIED||1565|8348b736-61cb-4677-b035-b63f17449990
2026-03-24 14:40:09|gemini|thinking_0|21|QUESTION|67|1565|8348b736-61cb-4677-b035-b63f17449990
2026-03-24 14:40:09|gemini|thinking_0|21|JSON_SAVED||1565|8348b736-61cb-4677-b035-b63f17449990
2026-03-24 14:40:09|gemini|thinking_0|21|QUESTION_ADVANCE||1566|b37e4f68-643a-4bed-8e8c-0e987f8a0f8c
2026-03-24 14:42:03|gemini|thinking_0|20|QUESTION_SENT||1325|84e73f63-8cab-4dd6-a2a9-33d7c44fed5e
2026-03-24 14:42:35|gemini|thinking_0|20|JSON_VERIFIED||1325|84e73f63-8cab-4dd6-a2a9-33d7c44fed5e
2026-03-24 14:42:35|gemini|thinking_0|20|QUESTION|65|1325|84e73f63-8cab-4dd6-a2a9-33d7c44fed5e
2026-03-24 14:42:35|gemini|thinking_0|20|JSON_SAVED||1325|84e73f63-8cab-4dd6-a2a9-33d7c44fed5e
2026-03-24 14:42:35|gemini|thinking_0|20|QUESTION_ADVANCE||1326|16248341-5713-452f-8eb3-c54dac7e310f
2026-03-24 14:42:52|gemini|thinking_0|21|QUESTION_SENT||1566|b37e4f68-643a-4bed-8e8c-0e987f8a0f8c
2026-03-24 14:43:25|gemini|thinking_0|21|JSON_VERIFIED||1566|b37e4f68-643a-4bed-8e8c-0e987f8a0f8c
2026-03-24 14:43:25|gemini|thinking_0|21|QUESTION|68|1566|b37e4f68-643a-4bed-8e8c-0e987f8a0f8c
2026-03-24 14:43:25|gemini|thinking_0|21|JSON_SAVED||1566|b37e4f68-643a-4bed-8e8c-0e987f8a0f8c
2026-03-24 14:43:25|gemini|thinking_0|21|QUESTION_ADVANCE||1567|d34dc785-a9be-4523-bef5-b099f87049c2
2026-03-24 14:45:17|gemini|thinking_0|20|QUESTION_SENT||1326|16248341-5713-452f-8eb3-c54dac7e310f
2026-03-24 14:45:51|gemini|thinking_0|20|JSON_VERIFIED||1326|16248341-5713-452f-8eb3-c54dac7e310f
2026-03-24 14:45:51|gemini|thinking_0|20|QUESTION|66|1326|16248341-5713-452f-8eb3-c54dac7e310f
2026-03-24 14:45:51|gemini|thinking_0|20|JSON_SAVED||1326|16248341-5713-452f-8eb3-c54dac7e310f
2026-03-24 14:45:51|gemini|thinking_0|20|QUESTION_ADVANCE||1327|398cb618-7810-47e5-9d32-8d577fc45ff6
2026-03-24 14:46:07|gemini|thinking_0|21|QUESTION_SENT||1567|d34dc785-a9be-4523-bef5-b099f87049c2
2026-03-24 14:46:36|gemini|thinking_0|21|JSON_VERIFIED||1567|d34dc785-a9be-4523-bef5-b099f87049c2
2026-03-24 14:46:36|gemini|thinking_0|21|QUESTION|69|1567|d34dc785-a9be-4523-bef5-b099f87049c2
2026-03-24 14:46:36|gemini|thinking_0|21|JSON_SAVED||1567|d34dc785-a9be-4523-bef5-b099f87049c2
2026-03-24 14:46:36|gemini|thinking_0|21|QUESTION_ADVANCE||1568|93c6413a-b247-43fa-9c7c-d74e4241ee9f
2026-03-24 14:48:32|gemini|thinking_0|20|QUESTION_SENT||1327|398cb618-7810-47e5-9d32-8d577fc45ff6
2026-03-24 14:49:03|gemini|thinking_0|20|JSON_VERIFIED||1327|398cb618-7810-47e5-9d32-8d577fc45ff6
2026-03-24 14:49:03|gemini|thinking_0|20|QUESTION|67|1327|398cb618-7810-47e5-9d32-8d577fc45ff6
2026-03-24 14:49:03|gemini|thinking_0|20|JSON_SAVED||1327|398cb618-7810-47e5-9d32-8d577fc45ff6
2026-03-24 14:49:03|gemini|thinking_0|20|QUESTION_ADVANCE||1328|28234a0e-aceb-4a2c-b00d-523491900cea
2026-03-24 14:49:21|gemini|thinking_0|21|QUESTION_SENT||1568|93c6413a-b247-43fa-9c7c-d74e4241ee9f
2026-03-24 14:49:50|gemini|thinking_0|21|JSON_VERIFIED||1568|93c6413a-b247-43fa-9c7c-d74e4241ee9f
2026-03-24 14:49:50|gemini|thinking_0|21|QUESTION|70|1568|93c6413a-b247-43fa-9c7c-d74e4241ee9f
2026-03-24 14:49:50|gemini|thinking_0|21|JSON_SAVED||1568|93c6413a-b247-43fa-9c7c-d74e4241ee9f
2026-03-24 14:49:50|gemini|thinking_0|21|QUESTION_ADVANCE||1569|5db9e2aa-c1a5-4008-a789-8a98e62d228d
2026-03-24 14:51:47|gemini|thinking_0|20|QUESTION_SENT||1328|28234a0e-aceb-4a2c-b00d-523491900cea
2026-03-24 14:52:16|gemini|thinking_0|20|JSON_VERIFIED||1328|28234a0e-aceb-4a2c-b00d-523491900cea
2026-03-24 14:52:16|gemini|thinking_0|20|QUESTION|68|1328|28234a0e-aceb-4a2c-b00d-523491900cea
2026-03-24 14:52:16|gemini|thinking_0|20|JSON_SAVED||1328|28234a0e-aceb-4a2c-b00d-523491900cea
2026-03-24 14:52:16|gemini|thinking_0|20|QUESTION_ADVANCE||1329|582c429f-3cea-4590-88ee-7d88d569a4b5
2026-03-24 14:52:36|gemini|thinking_0|21|QUESTION_SENT||1569|5db9e2aa-c1a5-4008-a789-8a98e62d228d
2026-03-24 14:53:07|gemini|thinking_0|21|JSON_VERIFIED||1569|5db9e2aa-c1a5-4008-a789-8a98e62d228d
2026-03-24 14:53:07|gemini|thinking_0|21|QUESTION|71|1569|5db9e2aa-c1a5-4008-a789-8a98e62d228d
2026-03-24 14:53:07|gemini|thinking_0|21|JSON_SAVED||1569|5db9e2aa-c1a5-4008-a789-8a98e62d228d
2026-03-24 14:53:07|gemini|thinking_0|21|QUESTION_ADVANCE||1570|30532016-60ef-462f-9355-212868ead64a
2026-03-24 14:55:01|gemini|thinking_0|20|QUESTION_SENT||1329|582c429f-3cea-4590-88ee-7d88d569a4b5
2026-03-24 14:55:38|gemini|thinking_0|20|JSON_VERIFIED||1329|582c429f-3cea-4590-88ee-7d88d569a4b5
2026-03-24 14:55:38|gemini|thinking_0|20|QUESTION|69|1329|582c429f-3cea-4590-88ee-7d88d569a4b5
2026-03-24 14:55:38|gemini|thinking_0|20|JSON_SAVED||1329|582c429f-3cea-4590-88ee-7d88d569a4b5
2026-03-24 14:55:38|gemini|thinking_0|20|QUESTION_ADVANCE||1330|7ce7d95e-cb92-4176-b53e-a417c7b45a0e
2026-03-24 14:55:51|gemini|thinking_0|21|QUESTION_SENT||1570|30532016-60ef-462f-9355-212868ead64a
2026-03-24 14:56:21|gemini|thinking_0|21|JSON_VERIFIED||1570|30532016-60ef-462f-9355-212868ead64a
2026-03-24 14:56:21|gemini|thinking_0|21|QUESTION|72|1570|30532016-60ef-462f-9355-212868ead64a
2026-03-24 14:56:21|gemini|thinking_0|21|JSON_SAVED||1570|30532016-60ef-462f-9355-212868ead64a
2026-03-24 14:56:21|gemini|thinking_0|21|QUESTION_ADVANCE||1571|4c79b46d-340c-4664-b67f-dfdc23efcced
2026-03-24 14:58:16|gemini|thinking_0|20|QUESTION_SENT||1330|7ce7d95e-cb92-4176-b53e-a417c7b45a0e
2026-03-24 14:59:05|gemini|thinking_0|21|QUESTION_SENT||1571|4c79b46d-340c-4664-b67f-dfdc23efcced
2026-03-24 14:59:36|gemini|thinking_0|21|JSON_VERIFIED||1571|4c79b46d-340c-4664-b67f-dfdc23efcced
2026-03-24 14:59:36|gemini|thinking_0|21|QUESTION|73|1571|4c79b46d-340c-4664-b67f-dfdc23efcced
2026-03-24 14:59:36|gemini|thinking_0|21|JSON_SAVED||1571|4c79b46d-340c-4664-b67f-dfdc23efcced
2026-03-24 14:59:36|gemini|thinking_0|21|QUESTION_ADVANCE||1572|753ab911-729e-4ec1-ad11-5e8f4bfda04b
2026-03-24 15:02:20|gemini|thinking_0|21|QUESTION_SENT||1572|753ab911-729e-4ec1-ad11-5e8f4bfda04b
2026-03-24 15:02:58|gemini|thinking_0|21|JSON_VERIFIED||1572|753ab911-729e-4ec1-ad11-5e8f4bfda04b
2026-03-24 15:02:58|gemini|thinking_0|21|QUESTION|74|1572|753ab911-729e-4ec1-ad11-5e8f4bfda04b
2026-03-24 15:02:58|gemini|thinking_0|21|JSON_SAVED||1572|753ab911-729e-4ec1-ad11-5e8f4bfda04b
2026-03-24 15:02:58|gemini|thinking_0|21|QUESTION_ADVANCE||1573|aabed273-6c3d-4f76-8ce8-b2271510cf3e
2026-03-24 15:05:35|gemini|thinking_0|21|QUESTION_SENT||1573|aabed273-6c3d-4f76-8ce8-b2271510cf3e
2026-03-24 15:06:04|gemini|thinking_0|21|JSON_VERIFIED||1573|aabed273-6c3d-4f76-8ce8-b2271510cf3e
2026-03-24 15:06:04|gemini|thinking_0|21|QUESTION|75|1573|aabed273-6c3d-4f76-8ce8-b2271510cf3e
2026-03-24 15:06:04|gemini|thinking_0|21|JSON_SAVED||1573|aabed273-6c3d-4f76-8ce8-b2271510cf3e
2026-03-24 15:06:04|gemini|thinking_0|21|QUESTION_ADVANCE||1574|671b7378-f7c9-457b-b735-aa9751b41e83
2026-03-24 15:08:36|gemini|thinking_0|20|QUESTION_SENT||1330|7ce7d95e-cb92-4176-b53e-a417c7b45a0e
2026-03-24 15:08:49|gemini|thinking_0|21|QUESTION_SENT||1574|671b7378-f7c9-457b-b735-aa9751b41e83
2026-03-24 15:09:23|gemini|thinking_0|21|JSON_VERIFIED||1574|671b7378-f7c9-457b-b735-aa9751b41e83
2026-03-24 15:09:23|gemini|thinking_0|21|QUESTION|76|1574|671b7378-f7c9-457b-b735-aa9751b41e83
2026-03-24 15:09:23|gemini|thinking_0|21|JSON_SAVED||1574|671b7378-f7c9-457b-b735-aa9751b41e83
2026-03-24 15:09:23|gemini|thinking_0|21|QUESTION_ADVANCE||1575|c07ccaf6-c993-462d-8d80-6154498cb535
2026-03-24 15:11:51|gemini|thinking_0|20|QUESTION_SENT||1330|7ce7d95e-cb92-4176-b53e-a417c7b45a0e
2026-03-24 15:12:04|gemini|thinking_0|21|QUESTION_SENT||1575|c07ccaf6-c993-462d-8d80-6154498cb535
2026-03-24 15:12:16|gemini|thinking_0|20|JSON_VERIFIED||1330|7ce7d95e-cb92-4176-b53e-a417c7b45a0e
2026-03-24 15:12:16|gemini|thinking_0|20|QUESTION|70|1330|7ce7d95e-cb92-4176-b53e-a417c7b45a0e
2026-03-24 15:12:16|gemini|thinking_0|20|JSON_SAVED||1330|7ce7d95e-cb92-4176-b53e-a417c7b45a0e
2026-03-24 15:12:16|gemini|thinking_0|20|QUESTION_ADVANCE||1331|40dbb388-16fc-47a2-ae6d-2f2de144f323
2026-03-24 15:15:06|gemini|thinking_0|20|QUESTION_SENT||1331|40dbb388-16fc-47a2-ae6d-2f2de144f323
2026-03-24 15:15:19|gemini|thinking_0|21|QUESTION_SENT||1575|c07ccaf6-c993-462d-8d80-6154498cb535
2026-03-24 15:15:32|gemini|thinking_0|20|JSON_VERIFIED||1331|40dbb388-16fc-47a2-ae6d-2f2de144f323
2026-03-24 15:15:32|gemini|thinking_0|20|QUESTION|71|1331|40dbb388-16fc-47a2-ae6d-2f2de144f323
2026-03-24 15:15:32|gemini|thinking_0|20|JSON_SAVED||1331|40dbb388-16fc-47a2-ae6d-2f2de144f323
2026-03-24 15:15:32|gemini|thinking_0|20|QUESTION_ADVANCE||1332|0debba11-61aa-456a-a4a5-04e2ef444a69
2026-03-24 15:18:20|gemini|thinking_0|20|QUESTION_SENT||1332|0debba11-61aa-456a-a4a5-04e2ef444a69
2026-03-24 15:18:34|gemini|thinking_0|21|QUESTION_SENT||1575|c07ccaf6-c993-462d-8d80-6154498cb535
2026-03-24 15:19:11|gemini|thinking_0|20|JSON_VERIFIED||1332|0debba11-61aa-456a-a4a5-04e2ef444a69
2026-03-24 15:19:11|gemini|thinking_0|20|QUESTION|72|1332|0debba11-61aa-456a-a4a5-04e2ef444a69
2026-03-24 15:19:11|gemini|thinking_0|20|JSON_SAVED||1332|0debba11-61aa-456a-a4a5-04e2ef444a69
2026-03-24 15:19:11|gemini|thinking_0|20|QUESTION_ADVANCE||1333|76d0fdb3-795e-4764-8a42-8a24d21eb4a3
2026-03-24 15:21:35|gemini|thinking_0|20|QUESTION_SENT||1333|76d0fdb3-795e-4764-8a42-8a24d21eb4a3
2026-03-24 15:21:49|gemini|thinking_0|21|QUESTION_SENT||1575|c07ccaf6-c993-462d-8d80-6154498cb535
2026-03-24 15:22:11|gemini|thinking_0|20|JSON_VERIFIED||1333|76d0fdb3-795e-4764-8a42-8a24d21eb4a3
2026-03-24 15:22:11|gemini|thinking_0|20|QUESTION|73|1333|76d0fdb3-795e-4764-8a42-8a24d21eb4a3
2026-03-24 15:22:11|gemini|thinking_0|20|JSON_SAVED||1333|76d0fdb3-795e-4764-8a42-8a24d21eb4a3
2026-03-24 15:22:11|gemini|thinking_0|20|QUESTION_ADVANCE||1334|2a7172db-cb32-47ab-b709-e64661051d0c
2026-03-24 15:24:50|gemini|thinking_0|20|QUESTION_SENT||1334|2a7172db-cb32-47ab-b709-e64661051d0c
2026-03-24 15:25:04|gemini|thinking_0|21|QUESTION_SENT||1575|c07ccaf6-c993-462d-8d80-6154498cb535
2026-03-24 15:25:35|gemini|thinking_0|20|JSON_VERIFIED||1334|2a7172db-cb32-47ab-b709-e64661051d0c
2026-03-24 15:25:35|gemini|thinking_0|20|QUESTION|74|1334|2a7172db-cb32-47ab-b709-e64661051d0c
2026-03-24 15:25:35|gemini|thinking_0|20|JSON_SAVED||1334|2a7172db-cb32-47ab-b709-e64661051d0c
2026-03-24 15:25:35|gemini|thinking_0|20|QUESTION_ADVANCE||1335|24e263cc-537c-4596-a2e8-32af7bc6ed3e
2026-03-24 15:28:05|gemini|thinking_0|20|QUESTION_SENT||1335|24e263cc-537c-4596-a2e8-32af7bc6ed3e
2026-03-24 15:28:18|gemini|thinking_0|21|QUESTION_SENT||1575|c07ccaf6-c993-462d-8d80-6154498cb535
2026-03-24 15:28:38|gemini|thinking_0|20|JSON_VERIFIED||1335|24e263cc-537c-4596-a2e8-32af7bc6ed3e
2026-03-24 15:28:38|gemini|thinking_0|20|QUESTION|75|1335|24e263cc-537c-4596-a2e8-32af7bc6ed3e
2026-03-24 15:28:38|gemini|thinking_0|20|JSON_SAVED||1335|24e263cc-537c-4596-a2e8-32af7bc6ed3e
2026-03-24 15:28:38|gemini|thinking_0|20|QUESTION_ADVANCE||1336|d7b69930-1212-478c-a071-535bef9cd489
2026-03-24 15:29:30|gemini|thinking_0|21|JSON_VERIFIED||1575|c07ccaf6-c993-462d-8d80-6154498cb535
2026-03-24 15:29:30|gemini|thinking_0|21|QUESTION|77|1575|c07ccaf6-c993-462d-8d80-6154498cb535
2026-03-24 15:29:30|gemini|thinking_0|21|JSON_SAVED||1575|c07ccaf6-c993-462d-8d80-6154498cb535
2026-03-24 15:29:30|gemini|thinking_0|21|QUESTION_ADVANCE||1576|a8d31457-aa8e-4baf-98c8-eaf2ea20030f
2026-03-24 15:31:20|gemini|thinking_0|20|QUESTION_SENT||1336|d7b69930-1212-478c-a071-535bef9cd489
2026-03-24 15:31:33|gemini|thinking_0|21|QUESTION_SENT||1576|a8d31457-aa8e-4baf-98c8-eaf2ea20030f
2026-03-24 15:31:52|gemini|thinking_0|20|JSON_VERIFIED||1336|d7b69930-1212-478c-a071-535bef9cd489
2026-03-24 15:31:52|gemini|thinking_0|20|QUESTION|76|1336|d7b69930-1212-478c-a071-535bef9cd489
2026-03-24 15:31:52|gemini|thinking_0|20|JSON_SAVED||1336|d7b69930-1212-478c-a071-535bef9cd489
2026-03-24 15:31:52|gemini|thinking_0|20|QUESTION_ADVANCE||1337|49778f1a-fe15-42c9-9245-991c45030fe3
2026-03-24 15:32:05|gemini|thinking_0|21|JSON_VERIFIED||1576|a8d31457-aa8e-4baf-98c8-eaf2ea20030f
2026-03-24 15:32:05|gemini|thinking_0|21|QUESTION|78|1576|a8d31457-aa8e-4baf-98c8-eaf2ea20030f
2026-03-24 15:32:05|gemini|thinking_0|21|JSON_SAVED||1576|a8d31457-aa8e-4baf-98c8-eaf2ea20030f
2026-03-24 15:32:05|gemini|thinking_0|21|QUESTION_ADVANCE||1577|02736843-ba8c-4f06-a1ad-d1ad148b91c9
2026-03-24 15:34:34|gemini|thinking_0|20|QUESTION_SENT||1337|49778f1a-fe15-42c9-9245-991c45030fe3
2026-03-24 15:34:48|gemini|thinking_0|21|QUESTION_SENT||1577|02736843-ba8c-4f06-a1ad-d1ad148b91c9
2026-03-24 15:35:06|gemini|thinking_0|20|JSON_VERIFIED||1337|49778f1a-fe15-42c9-9245-991c45030fe3
2026-03-24 15:35:06|gemini|thinking_0|20|QUESTION|77|1337|49778f1a-fe15-42c9-9245-991c45030fe3
2026-03-24 15:35:06|gemini|thinking_0|20|JSON_SAVED||1337|49778f1a-fe15-42c9-9245-991c45030fe3
2026-03-24 15:35:06|gemini|thinking_0|20|QUESTION_ADVANCE||1338|df6bde16-a5f8-4ce8-bb1f-386d71f2d4e1
2026-03-24 15:35:20|gemini|thinking_0|21|JSON_VERIFIED||1577|02736843-ba8c-4f06-a1ad-d1ad148b91c9
2026-03-24 15:35:20|gemini|thinking_0|21|QUESTION|79|1577|02736843-ba8c-4f06-a1ad-d1ad148b91c9
2026-03-24 15:35:20|gemini|thinking_0|21|JSON_SAVED||1577|02736843-ba8c-4f06-a1ad-d1ad148b91c9
2026-03-24 15:35:20|gemini|thinking_0|21|QUESTION_ADVANCE||1578|48fd2380-0ead-4e31-8c6e-551d0e5611b1
2026-03-24 15:37:49|gemini|thinking_0|20|QUESTION_SENT||1338|df6bde16-a5f8-4ce8-bb1f-386d71f2d4e1
2026-03-24 15:38:03|gemini|thinking_0|21|QUESTION_SENT||1578|48fd2380-0ead-4e31-8c6e-551d0e5611b1
2026-03-24 15:38:25|gemini|thinking_0|20|JSON_VERIFIED||1338|df6bde16-a5f8-4ce8-bb1f-386d71f2d4e1
2026-03-24 15:38:25|gemini|thinking_0|20|QUESTION|78|1338|df6bde16-a5f8-4ce8-bb1f-386d71f2d4e1
2026-03-24 15:38:25|gemini|thinking_0|20|JSON_SAVED||1338|df6bde16-a5f8-4ce8-bb1f-386d71f2d4e1
2026-03-24 15:38:25|gemini|thinking_0|20|QUESTION_ADVANCE||1339|9f10fd6e-b68a-4e4c-bc3b-b9ae5a760ff2
2026-03-24 15:38:37|gemini|thinking_0|21|JSON_VERIFIED||1578|48fd2380-0ead-4e31-8c6e-551d0e5611b1
2026-03-24 15:38:37|gemini|thinking_0|21|QUESTION|80|1578|48fd2380-0ead-4e31-8c6e-551d0e5611b1
2026-03-24 15:38:37|gemini|thinking_0|21|JSON_SAVED||1578|48fd2380-0ead-4e31-8c6e-551d0e5611b1
2026-03-24 15:38:37|gemini|thinking_0|21|QUESTION_ADVANCE||1579|d08841e7-e95e-4926-a427-137d8d034245
2026-03-24 15:41:04|gemini|thinking_0|20|QUESTION_SENT||1339|9f10fd6e-b68a-4e4c-bc3b-b9ae5a760ff2
2026-03-24 15:41:17|gemini|thinking_0|21|QUESTION_SENT||1579|d08841e7-e95e-4926-a427-137d8d034245
2026-03-24 15:41:41|gemini|thinking_0|20|JSON_VERIFIED||1339|9f10fd6e-b68a-4e4c-bc3b-b9ae5a760ff2
2026-03-24 15:41:41|gemini|thinking_0|20|QUESTION|79|1339|9f10fd6e-b68a-4e4c-bc3b-b9ae5a760ff2
2026-03-24 15:41:41|gemini|thinking_0|20|JSON_SAVED||1339|9f10fd6e-b68a-4e4c-bc3b-b9ae5a760ff2
2026-03-24 15:41:41|gemini|thinking_0|20|QUESTION_ADVANCE||1340|5352bcc3-e87f-4717-adc3-8214a69e1cea
2026-03-24 15:41:49|gemini|thinking_0|21|JSON_VERIFIED||1579|d08841e7-e95e-4926-a427-137d8d034245
2026-03-24 15:41:49|gemini|thinking_0|21|QUESTION|81|1579|d08841e7-e95e-4926-a427-137d8d034245
2026-03-24 15:41:49|gemini|thinking_0|21|JSON_SAVED||1579|d08841e7-e95e-4926-a427-137d8d034245
2026-03-24 15:41:49|gemini|thinking_0|21|QUESTION_ADVANCE||1580|2dc4302f-66c3-4db1-aa7c-e778ccb26fdd
2026-03-24 15:44:18|gemini|thinking_0|20|QUESTION_SENT||1340|5352bcc3-e87f-4717-adc3-8214a69e1cea
2026-03-24 15:44:32|gemini|thinking_0|21|QUESTION_SENT||1580|2dc4302f-66c3-4db1-aa7c-e778ccb26fdd
2026-03-24 15:44:59|gemini|thinking_0|20|JSON_VERIFIED||1340|5352bcc3-e87f-4717-adc3-8214a69e1cea
2026-03-24 15:44:59|gemini|thinking_0|20|QUESTION|80|1340|5352bcc3-e87f-4717-adc3-8214a69e1cea
2026-03-24 15:44:59|gemini|thinking_0|20|JSON_SAVED||1340|5352bcc3-e87f-4717-adc3-8214a69e1cea
2026-03-24 15:44:59|gemini|thinking_0|20|QUESTION_ADVANCE||1341|0a6e5910-2bbf-467e-a4f5-768322193f42
2026-03-24 15:45:02|gemini|thinking_0|21|JSON_VERIFIED||1580|2dc4302f-66c3-4db1-aa7c-e778ccb26fdd
2026-03-24 15:45:02|gemini|thinking_0|21|QUESTION|82|1580|2dc4302f-66c3-4db1-aa7c-e778ccb26fdd
2026-03-24 15:45:02|gemini|thinking_0|21|JSON_SAVED||1580|2dc4302f-66c3-4db1-aa7c-e778ccb26fdd
2026-03-24 15:45:02|gemini|thinking_0|21|QUESTION_ADVANCE||1581|b70aaad0-a7b7-4e18-889d-9c9e5a9502e4
2026-03-24 15:47:33|gemini|thinking_0|20|QUESTION_SENT||1341|0a6e5910-2bbf-467e-a4f5-768322193f42
2026-03-24 15:47:47|gemini|thinking_0|21|QUESTION_SENT||1581|b70aaad0-a7b7-4e18-889d-9c9e5a9502e4
2026-03-24 15:48:04|gemini|thinking_0|20|JSON_VERIFIED||1341|0a6e5910-2bbf-467e-a4f5-768322193f42
2026-03-24 15:48:04|gemini|thinking_0|20|QUESTION|81|1341|0a6e5910-2bbf-467e-a4f5-768322193f42
2026-03-24 15:48:04|gemini|thinking_0|20|JSON_SAVED||1341|0a6e5910-2bbf-467e-a4f5-768322193f42
2026-03-24 15:48:04|gemini|thinking_0|20|QUESTION_ADVANCE||1342|c92a2e9b-8e36-4ddb-a5a7-a16d40c91b6d
2026-03-24 15:48:19|gemini|thinking_0|21|JSON_VERIFIED||1581|b70aaad0-a7b7-4e18-889d-9c9e5a9502e4
2026-03-24 15:48:19|gemini|thinking_0|21|QUESTION|83|1581|b70aaad0-a7b7-4e18-889d-9c9e5a9502e4
2026-03-24 15:48:19|gemini|thinking_0|21|JSON_SAVED||1581|b70aaad0-a7b7-4e18-889d-9c9e5a9502e4
2026-03-24 15:48:19|gemini|thinking_0|21|QUESTION_ADVANCE||1582|008aa992-830f-40b6-84ac-d10409cf116e
2026-03-24 15:50:48|gemini|thinking_0|20|QUESTION_SENT||1342|c92a2e9b-8e36-4ddb-a5a7-a16d40c91b6d
2026-03-24 15:51:02|gemini|thinking_0|21|QUESTION_SENT||1582|008aa992-830f-40b6-84ac-d10409cf116e
2026-03-24 15:51:24|gemini|thinking_0|20|JSON_VERIFIED||1342|c92a2e9b-8e36-4ddb-a5a7-a16d40c91b6d
2026-03-24 15:51:24|gemini|thinking_0|20|QUESTION|82|1342|c92a2e9b-8e36-4ddb-a5a7-a16d40c91b6d
2026-03-24 15:51:24|gemini|thinking_0|20|JSON_SAVED||1342|c92a2e9b-8e36-4ddb-a5a7-a16d40c91b6d
2026-03-24 15:51:24|gemini|thinking_0|20|QUESTION_ADVANCE||1343|d710c42f-da5e-42e8-a432-bb044bd0f933
2026-03-24 15:52:10|gemini|thinking_0|21|JSON_VERIFIED||1582|008aa992-830f-40b6-84ac-d10409cf116e
2026-03-24 15:52:10|gemini|thinking_0|21|QUESTION|84|1582|008aa992-830f-40b6-84ac-d10409cf116e
2026-03-24 15:52:10|gemini|thinking_0|21|JSON_SAVED||1582|008aa992-830f-40b6-84ac-d10409cf116e
2026-03-24 15:52:10|gemini|thinking_0|21|QUESTION_ADVANCE||1583|e259abf5-cd03-411d-ae52-eba2eb453959
2026-03-24 15:54:03|gemini|thinking_0|20|QUESTION_SENT||1343|d710c42f-da5e-42e8-a432-bb044bd0f933
2026-03-24 15:54:16|gemini|thinking_0|21|QUESTION_SENT||1583|e259abf5-cd03-411d-ae52-eba2eb453959
2026-03-24 15:54:40|gemini|thinking_0|20|JSON_VERIFIED||1343|d710c42f-da5e-42e8-a432-bb044bd0f933
2026-03-24 15:54:40|gemini|thinking_0|20|QUESTION|83|1343|d710c42f-da5e-42e8-a432-bb044bd0f933
2026-03-24 15:54:40|gemini|thinking_0|20|JSON_SAVED||1343|d710c42f-da5e-42e8-a432-bb044bd0f933
2026-03-24 15:54:40|gemini|thinking_0|20|QUESTION_ADVANCE||1344|6d9818e2-42b7-409e-995d-322dd1f8df39
2026-03-24 15:54:59|gemini|thinking_0|21|JSON_VERIFIED||1583|e259abf5-cd03-411d-ae52-eba2eb453959
2026-03-24 15:54:59|gemini|thinking_0|21|QUESTION|85|1583|e259abf5-cd03-411d-ae52-eba2eb453959
2026-03-24 15:54:59|gemini|thinking_0|21|JSON_SAVED||1583|e259abf5-cd03-411d-ae52-eba2eb453959
2026-03-24 15:54:59|gemini|thinking_0|21|QUESTION_ADVANCE||1584|f119ed7c-cb22-4dd9-83a4-eea983908519
2026-03-24 15:57:17|gemini|thinking_0|20|QUESTION_SENT||1344|6d9818e2-42b7-409e-995d-322dd1f8df39
2026-03-24 15:57:31|gemini|thinking_0|21|QUESTION_SENT||1584|f119ed7c-cb22-4dd9-83a4-eea983908519
2026-03-24 15:57:51|gemini|thinking_0|20|JSON_VERIFIED||1344|6d9818e2-42b7-409e-995d-322dd1f8df39
2026-03-24 15:57:51|gemini|thinking_0|20|QUESTION|84|1344|6d9818e2-42b7-409e-995d-322dd1f8df39
2026-03-24 15:57:51|gemini|thinking_0|20|JSON_SAVED||1344|6d9818e2-42b7-409e-995d-322dd1f8df39
2026-03-24 15:57:51|gemini|thinking_0|20|QUESTION_ADVANCE||1345|7caabb2b-8a4b-49d1-957e-db667103eb06
2026-03-24 15:58:01|gemini|thinking_0|21|JSON_VERIFIED||1584|f119ed7c-cb22-4dd9-83a4-eea983908519
2026-03-24 15:58:01|gemini|thinking_0|21|QUESTION|86|1584|f119ed7c-cb22-4dd9-83a4-eea983908519
2026-03-24 15:58:01|gemini|thinking_0|21|JSON_SAVED||1584|f119ed7c-cb22-4dd9-83a4-eea983908519
2026-03-24 15:58:01|gemini|thinking_0|21|QUESTION_ADVANCE||1585|b89af73d-c144-48f7-88a2-4705d6c26f51
2026-03-24 16:00:32|gemini|thinking_0|20|QUESTION_SENT||1345|7caabb2b-8a4b-49d1-957e-db667103eb06
2026-03-24 16:00:46|gemini|thinking_0|21|QUESTION_SENT||1585|b89af73d-c144-48f7-88a2-4705d6c26f51
2026-03-24 16:01:07|gemini|thinking_0|20|JSON_VERIFIED||1345|7caabb2b-8a4b-49d1-957e-db667103eb06
2026-03-24 16:01:07|gemini|thinking_0|20|QUESTION|85|1345|7caabb2b-8a4b-49d1-957e-db667103eb06
2026-03-24 16:01:07|gemini|thinking_0|20|JSON_SAVED||1345|7caabb2b-8a4b-49d1-957e-db667103eb06
2026-03-24 16:01:07|gemini|thinking_0|20|QUESTION_ADVANCE||1346|fbfbff72-4f0e-4334-99f7-4368d328b8d5
2026-03-24 16:01:17|gemini|thinking_0|21|JSON_VERIFY_FAILED||1585|b89af73d-c144-48f7-88a2-4705d6c26f51
2026-03-24 16:01:17|gemini|thinking_0|21|QUESTION|87|1585|b89af73d-c144-48f7-88a2-4705d6c26f51
2026-03-24 16:03:47|gemini|thinking_0|20|QUESTION_SENT||1346|fbfbff72-4f0e-4334-99f7-4368d328b8d5
2026-03-24 16:04:00|gemini|thinking_0|21|QUESTION_SENT||1585|b89af73d-c144-48f7-88a2-4705d6c26f51
2026-03-24 16:04:20|gemini|thinking_0|20|JSON_VERIFIED||1346|fbfbff72-4f0e-4334-99f7-4368d328b8d5
2026-03-24 16:04:20|gemini|thinking_0|20|QUESTION|86|1346|fbfbff72-4f0e-4334-99f7-4368d328b8d5
2026-03-24 16:04:20|gemini|thinking_0|20|JSON_SAVED||1346|fbfbff72-4f0e-4334-99f7-4368d328b8d5
2026-03-24 16:04:20|gemini|thinking_0|20|QUESTION_ADVANCE||1347|3c583832-2b9a-4379-8411-c91f6c61f013
2026-03-24 16:04:34|gemini|thinking_0|21|JSON_VERIFY_FAILED||1585|b89af73d-c144-48f7-88a2-4705d6c26f51
2026-03-24 16:04:34|gemini|thinking_0|21|QUESTION|88|1585|b89af73d-c144-48f7-88a2-4705d6c26f51
2026-03-24 16:07:02|gemini|thinking_0|20|QUESTION_SENT||1347|3c583832-2b9a-4379-8411-c91f6c61f013
2026-03-24 16:07:15|gemini|thinking_0|21|QUESTION_SENT||1585|b89af73d-c144-48f7-88a2-4705d6c26f51
2026-03-24 16:07:35|gemini|thinking_0|20|JSON_VERIFIED||1347|3c583832-2b9a-4379-8411-c91f6c61f013
2026-03-24 16:07:35|gemini|thinking_0|20|QUESTION|87|1347|3c583832-2b9a-4379-8411-c91f6c61f013
2026-03-24 16:07:35|gemini|thinking_0|20|JSON_SAVED||1347|3c583832-2b9a-4379-8411-c91f6c61f013
2026-03-24 16:07:35|gemini|thinking_0|20|QUESTION_ADVANCE||1348|ce710bc2-2a92-4bdd-8775-632bb2a19735
2026-03-24 16:07:45|gemini|thinking_0|21|JSON_VERIFY_FAILED||1585|b89af73d-c144-48f7-88a2-4705d6c26f51
2026-03-24 16:07:45|gemini|thinking_0|21|QUESTION|89|1585|b89af73d-c144-48f7-88a2-4705d6c26f51
2026-03-24 16:10:16|gemini|thinking_0|20|QUESTION_SENT||1348|ce710bc2-2a92-4bdd-8775-632bb2a19735
2026-03-24 16:10:30|gemini|thinking_0|21|QUESTION_SENT||1585|b89af73d-c144-48f7-88a2-4705d6c26f51
2026-03-24 16:10:53|gemini|thinking_0|20|JSON_VERIFIED||1348|ce710bc2-2a92-4bdd-8775-632bb2a19735
2026-03-24 16:10:53|gemini|thinking_0|20|QUESTION|88|1348|ce710bc2-2a92-4bdd-8775-632bb2a19735
2026-03-24 16:10:53|gemini|thinking_0|20|JSON_SAVED||1348|ce710bc2-2a92-4bdd-8775-632bb2a19735
2026-03-24 16:10:53|gemini|thinking_0|20|QUESTION_ADVANCE||1349|e24ef390-1917-4f49-b957-eff76f530061
2026-03-24 16:10:56|gemini|thinking_0|21|JSON_VERIFY_FAILED||1585|b89af73d-c144-48f7-88a2-4705d6c26f51
2026-03-24 16:10:56|gemini|thinking_0|21|QUESTION|90|1585|b89af73d-c144-48f7-88a2-4705d6c26f51
2026-03-24 16:13:02|gemini|thinking_0|21|STOP||1585|b89af73d-c144-48f7-88a2-4705d6c26f51
2026-03-24 16:13:31|gemini|thinking_0|20|QUESTION_SENT||1349|e24ef390-1917-4f49-b957-eff76f530061
2026-03-24 16:14:03|gemini|thinking_0|20|JSON_VERIFIED||1349|e24ef390-1917-4f49-b957-eff76f530061
2026-03-24 16:14:03|gemini|thinking_0|20|QUESTION|89|1349|e24ef390-1917-4f49-b957-eff76f530061
2026-03-24 16:14:03|gemini|thinking_0|20|JSON_SAVED||1349|e24ef390-1917-4f49-b957-eff76f530061
2026-03-24 16:14:03|gemini|thinking_0|20|QUESTION_ADVANCE||1350|c97da978-b717-4854-aa14-9d08f7455b66
2026-03-24 16:16:46|gemini|thinking_0|20|QUESTION_SENT||1350|c97da978-b717-4854-aa14-9d08f7455b66
2026-03-24 16:17:19|gemini|thinking_0|20|JSON_VERIFIED||1350|c97da978-b717-4854-aa14-9d08f7455b66
2026-03-24 16:17:19|gemini|thinking_0|20|QUESTION|90|1350|c97da978-b717-4854-aa14-9d08f7455b66
2026-03-24 16:17:19|gemini|thinking_0|20|JSON_SAVED||1350|c97da978-b717-4854-aa14-9d08f7455b66
2026-03-24 16:17:19|gemini|thinking_0|20|QUESTION_ADVANCE||1351|1eb6c502-b848-4a08-a634-9927a78dc649
2026-03-24 16:20:01|gemini|thinking_0|20|QUESTION_SENT||1351|1eb6c502-b848-4a08-a634-9927a78dc649
2026-03-24 16:20:31|gemini|thinking_0|20|JSON_VERIFIED||1351|1eb6c502-b848-4a08-a634-9927a78dc649
2026-03-24 16:20:31|gemini|thinking_0|20|QUESTION|91|1351|1eb6c502-b848-4a08-a634-9927a78dc649
2026-03-24 16:20:31|gemini|thinking_0|20|JSON_SAVED||1351|1eb6c502-b848-4a08-a634-9927a78dc649
2026-03-24 16:20:31|gemini|thinking_0|20|QUESTION_ADVANCE||1352|47be0828-1ed2-422b-b264-c6c923896887
2026-03-24 16:23:16|gemini|thinking_0|20|QUESTION_SENT||1352|47be0828-1ed2-422b-b264-c6c923896887
2026-03-24 16:23:55|gemini|thinking_0|20|JSON_VERIFIED||1352|47be0828-1ed2-422b-b264-c6c923896887
2026-03-24 16:23:55|gemini|thinking_0|20|QUESTION|92|1352|47be0828-1ed2-422b-b264-c6c923896887
2026-03-24 16:23:55|gemini|thinking_0|20|JSON_SAVED||1352|47be0828-1ed2-422b-b264-c6c923896887
2026-03-24 16:23:55|gemini|thinking_0|20|QUESTION_ADVANCE||1353|e6b8cfad-a7ba-4ed7-aa88-332a4e8630e4
2026-03-24 16:26:30|gemini|thinking_0|20|QUESTION_SENT||1353|e6b8cfad-a7ba-4ed7-aa88-332a4e8630e4
2026-03-24 16:27:04|gemini|thinking_0|20|JSON_VERIFIED||1353|e6b8cfad-a7ba-4ed7-aa88-332a4e8630e4
2026-03-24 16:27:04|gemini|thinking_0|20|QUESTION|93|1353|e6b8cfad-a7ba-4ed7-aa88-332a4e8630e4
2026-03-24 16:27:04|gemini|thinking_0|20|JSON_SAVED||1353|e6b8cfad-a7ba-4ed7-aa88-332a4e8630e4
2026-03-24 16:27:04|gemini|thinking_0|20|QUESTION_ADVANCE||1354|39240b49-01a9-47fb-b4b5-0b4164af901a
2026-03-24 16:29:45|gemini|thinking_0|20|QUESTION_SENT||1354|39240b49-01a9-47fb-b4b5-0b4164af901a
2026-03-24 16:30:15|gemini|thinking_0|20|JSON_VERIFIED||1354|39240b49-01a9-47fb-b4b5-0b4164af901a
2026-03-24 16:30:15|gemini|thinking_0|20|QUESTION|94|1354|39240b49-01a9-47fb-b4b5-0b4164af901a
2026-03-24 16:30:15|gemini|thinking_0|20|JSON_SAVED||1354|39240b49-01a9-47fb-b4b5-0b4164af901a
2026-03-24 16:30:15|gemini|thinking_0|20|QUESTION_ADVANCE||1355|515e64ff-79d0-463e-a8d6-da3493f43fa5
2026-03-24 16:33:00|gemini|thinking_0|20|QUESTION_SENT||1355|515e64ff-79d0-463e-a8d6-da3493f43fa5
2026-03-24 16:33:42|gemini|thinking_0|20|JSON_VERIFIED||1355|515e64ff-79d0-463e-a8d6-da3493f43fa5
2026-03-24 16:33:42|gemini|thinking_0|20|QUESTION|95|1355|515e64ff-79d0-463e-a8d6-da3493f43fa5
2026-03-24 16:33:42|gemini|thinking_0|20|JSON_SAVED||1355|515e64ff-79d0-463e-a8d6-da3493f43fa5
2026-03-24 16:33:42|gemini|thinking_0|20|QUESTION_ADVANCE||1356|be454f82-0275-4820-8512-c69602a0f96f
2026-03-24 16:36:15|gemini|thinking_0|20|QUESTION_SENT||1356|be454f82-0275-4820-8512-c69602a0f96f
2026-03-24 16:36:51|gemini|thinking_0|20|JSON_VERIFIED||1356|be454f82-0275-4820-8512-c69602a0f96f
2026-03-24 16:36:51|gemini|thinking_0|20|QUESTION|96|1356|be454f82-0275-4820-8512-c69602a0f96f
2026-03-24 16:36:51|gemini|thinking_0|20|JSON_SAVED||1356|be454f82-0275-4820-8512-c69602a0f96f
2026-03-24 16:36:51|gemini|thinking_0|20|QUESTION_ADVANCE||1357|60b3a106-202d-436f-83a1-36f0e6443b1c
2026-03-24 16:39:29|gemini|thinking_0|20|QUESTION_SENT||1357|60b3a106-202d-436f-83a1-36f0e6443b1c
2026-03-24 16:40:05|gemini|thinking_0|20|JSON_VERIFIED||1357|60b3a106-202d-436f-83a1-36f0e6443b1c
2026-03-24 16:40:05|gemini|thinking_0|20|QUESTION|97|1357|60b3a106-202d-436f-83a1-36f0e6443b1c
2026-03-24 16:40:05|gemini|thinking_0|20|JSON_SAVED||1357|60b3a106-202d-436f-83a1-36f0e6443b1c
2026-03-24 16:40:05|gemini|thinking_0|20|QUESTION_ADVANCE||1358|a68fb5b1-ae0b-489f-b113-9b685a85a568
2026-03-24 16:42:44|gemini|thinking_0|20|QUESTION_SENT||1358|a68fb5b1-ae0b-489f-b113-9b685a85a568
2026-03-24 16:43:14|gemini|thinking_0|20|JSON_VERIFIED||1358|a68fb5b1-ae0b-489f-b113-9b685a85a568
2026-03-24 16:43:14|gemini|thinking_0|20|QUESTION|98|1358|a68fb5b1-ae0b-489f-b113-9b685a85a568
2026-03-24 16:43:14|gemini|thinking_0|20|JSON_SAVED||1358|a68fb5b1-ae0b-489f-b113-9b685a85a568
2026-03-24 16:43:14|gemini|thinking_0|20|QUESTION_ADVANCE||1359|a9e019f3-db0d-4169-9f8f-0b4e46461322
2026-03-24 16:45:59|gemini|thinking_0|20|QUESTION_SENT||1359|a9e019f3-db0d-4169-9f8f-0b4e46461322
2026-03-24 16:46:35|gemini|thinking_0|20|JSON_VERIFIED||1359|a9e019f3-db0d-4169-9f8f-0b4e46461322
2026-03-24 16:46:35|gemini|thinking_0|20|QUESTION|99|1359|a9e019f3-db0d-4169-9f8f-0b4e46461322
2026-03-24 16:46:35|gemini|thinking_0|20|JSON_SAVED||1359|a9e019f3-db0d-4169-9f8f-0b4e46461322
2026-03-24 16:46:36|gemini|thinking_0|20|STOP||1360|
