timestamp|event_type|attempt_number|global_index|question_uid
2026-04-10 10:48:58|RESTART||1701|0ed0dd81-e2a5-4a79-bd44-54e6c36b3e40
2026-04-10 10:49:16|QUESTION_SENT||1701|0ed0dd81-e2a5-4a79-bd44-54e6c36b3e40
2026-04-10 10:49:21|QUESTION|1|1701|0ed0dd81-e2a5-4a79-bd44-54e6c36b3e40
2026-04-10 10:51:31|JSON_VERIFIED||1701|0ed0dd81-e2a5-4a79-bd44-54e6c36b3e40
2026-04-10 10:51:31|JSON_SAVED||1701|0ed0dd81-e2a5-4a79-bd44-54e6c36b3e40
2026-04-10 10:51:31|QUESTION_ADVANCE||1702|d4fcab70-be34-4412-b8af-d8c31aa5cb7f
2026-04-10 10:51:58|QUESTION_SENT||1702|d4fcab70-be34-4412-b8af-d8c31aa5cb7f
2026-04-10 10:52:04|QUESTION|2|1702|d4fcab70-be34-4412-b8af-d8c31aa5cb7f
2026-04-10 10:55:25|JSON_VERIFIED||1702|d4fcab70-be34-4412-b8af-d8c31aa5cb7f
2026-04-10 10:55:25|JSON_SAVED||1702|d4fcab70-be34-4412-b8af-d8c31aa5cb7f
2026-04-10 10:55:25|QUESTION_ADVANCE||1703|d1594222-8bd4-42eb-b35c-31aa44407777
2026-04-10 10:55:52|QUESTION_SENT||1703|d1594222-8bd4-42eb-b35c-31aa44407777
2026-04-10 10:55:57|QUESTION|3|1703|d1594222-8bd4-42eb-b35c-31aa44407777
2026-04-10 10:57:06|JSON_VERIFIED||1703|d1594222-8bd4-42eb-b35c-31aa44407777
2026-04-10 10:57:06|JSON_SAVED||1703|d1594222-8bd4-42eb-b35c-31aa44407777
2026-04-10 10:57:06|QUESTION_ADVANCE||1704|3e261551-3dd1-4974-a3ea-087c8b0bca43
2026-04-10 10:57:33|QUESTION_SENT||1704|3e261551-3dd1-4974-a3ea-087c8b0bca43
2026-04-10 10:57:38|QUESTION|4|1704|3e261551-3dd1-4974-a3ea-087c8b0bca43
2026-04-10 10:58:52|JSON_VERIFIED||1704|3e261551-3dd1-4974-a3ea-087c8b0bca43
2026-04-10 10:58:52|JSON_SAVED||1704|3e261551-3dd1-4974-a3ea-087c8b0bca43
2026-04-10 10:58:52|QUESTION_ADVANCE||1705|436196d2-78ef-4633-9356-76068d02a4c5
2026-04-10 10:59:19|QUESTION_SENT||1705|436196d2-78ef-4633-9356-76068d02a4c5
2026-04-10 10:59:24|QUESTION|5|1705|436196d2-78ef-4633-9356-76068d02a4c5
2026-04-10 11:01:11|JSON_VERIFIED||1705|436196d2-78ef-4633-9356-76068d02a4c5
2026-04-10 11:01:11|JSON_SAVED||1705|436196d2-78ef-4633-9356-76068d02a4c5
2026-04-10 11:01:11|QUESTION_ADVANCE||1706|80bd3c42-001f-4cec-b7b3-7033e6ce81d2
2026-04-10 11:01:38|QUESTION_SENT||1706|80bd3c42-001f-4cec-b7b3-7033e6ce81d2
2026-04-10 11:01:43|QUESTION|6|1706|80bd3c42-001f-4cec-b7b3-7033e6ce81d2
2026-04-10 11:04:00|JSON_VERIFIED||1706|80bd3c42-001f-4cec-b7b3-7033e6ce81d2
2026-04-10 11:04:00|JSON_SAVED||1706|80bd3c42-001f-4cec-b7b3-7033e6ce81d2
2026-04-10 11:04:00|QUESTION_ADVANCE||1707|cdb1d721-196a-4658-bd59-7011651fc5f6
2026-04-10 11:04:26|QUESTION_SENT||1707|cdb1d721-196a-4658-bd59-7011651fc5f6
2026-04-10 11:04:32|QUESTION|7|1707|cdb1d721-196a-4658-bd59-7011651fc5f6
2026-04-10 11:10:58|QUESTION_SENT||1707|cdb1d721-196a-4658-bd59-7011651fc5f6
2026-04-10 11:11:03|QUESTION|8|1707|cdb1d721-196a-4658-bd59-7011651fc5f6
2026-04-10 11:13:45|JSON_VERIFIED||1707|cdb1d721-196a-4658-bd59-7011651fc5f6
2026-04-10 11:13:45|JSON_SAVED||1707|cdb1d721-196a-4658-bd59-7011651fc5f6
2026-04-10 11:13:45|QUESTION_ADVANCE||1708|e3702b8c-ff81-40e8-9820-530073998882
2026-04-10 11:14:11|QUESTION_SENT||1708|e3702b8c-ff81-40e8-9820-530073998882
2026-04-10 11:14:17|QUESTION|9|1708|e3702b8c-ff81-40e8-9820-530073998882
2026-04-10 11:16:31|JSON_VERIFIED||1708|e3702b8c-ff81-40e8-9820-530073998882
2026-04-10 11:16:31|JSON_SAVED||1708|e3702b8c-ff81-40e8-9820-530073998882
2026-04-10 11:16:31|QUESTION_ADVANCE||1709|0fe773d5-6fb4-47fa-83f8-95c608ac9bff
2026-04-10 11:19:15|QUESTION_SENT||1709|0fe773d5-6fb4-47fa-83f8-95c608ac9bff
2026-04-10 11:19:20|QUESTION|10|1709|0fe773d5-6fb4-47fa-83f8-95c608ac9bff
2026-04-10 11:20:56|JSON_VERIFIED||1709|0fe773d5-6fb4-47fa-83f8-95c608ac9bff
2026-04-10 11:20:56|JSON_SAVED||1709|0fe773d5-6fb4-47fa-83f8-95c608ac9bff
2026-04-10 11:20:56|QUESTION_ADVANCE||1710|6d539a41-2d40-4e40-a2e1-c55e2773915c
2026-04-10 11:21:23|QUESTION_SENT||1710|6d539a41-2d40-4e40-a2e1-c55e2773915c
2026-04-10 11:21:28|QUESTION|11|1710|6d539a41-2d40-4e40-a2e1-c55e2773915c
2026-04-10 11:22:43|JSON_VERIFIED||1710|6d539a41-2d40-4e40-a2e1-c55e2773915c
2026-04-10 11:22:43|JSON_SAVED||1710|6d539a41-2d40-4e40-a2e1-c55e2773915c
2026-04-10 11:22:43|QUESTION_ADVANCE||1711|511699f9-220e-4240-94cb-1c667a51aac5
2026-04-10 11:23:10|QUESTION_SENT||1711|511699f9-220e-4240-94cb-1c667a51aac5
2026-04-10 11:23:16|QUESTION|12|1711|511699f9-220e-4240-94cb-1c667a51aac5
2026-04-10 11:26:12|JSON_VERIFIED||1711|511699f9-220e-4240-94cb-1c667a51aac5
2026-04-10 11:26:12|JSON_SAVED||1711|511699f9-220e-4240-94cb-1c667a51aac5
2026-04-10 11:26:12|QUESTION_ADVANCE||1712|7a0ee315-978e-4839-bc4e-5d3cf6de0c13
2026-04-10 11:26:40|QUESTION_SENT||1712|7a0ee315-978e-4839-bc4e-5d3cf6de0c13
2026-04-10 11:26:45|QUESTION|13|1712|7a0ee315-978e-4839-bc4e-5d3cf6de0c13
2026-04-10 11:27:50|JSON_VERIFIED||1712|7a0ee315-978e-4839-bc4e-5d3cf6de0c13
2026-04-10 11:27:50|JSON_SAVED||1712|7a0ee315-978e-4839-bc4e-5d3cf6de0c13
2026-04-10 11:27:50|QUESTION_ADVANCE||1713|021debee-84b5-4547-8ca9-a38bb736db8e
2026-04-10 11:28:17|QUESTION_SENT||1713|021debee-84b5-4547-8ca9-a38bb736db8e
2026-04-10 11:28:22|QUESTION|14|1713|021debee-84b5-4547-8ca9-a38bb736db8e
2026-04-10 11:28:57|JSON_VERIFY_FAILED||1713|021debee-84b5-4547-8ca9-a38bb736db8e
2026-04-10 11:29:24|QUESTION_SENT||1713|021debee-84b5-4547-8ca9-a38bb736db8e
2026-04-10 11:29:29|QUESTION|15|1713|021debee-84b5-4547-8ca9-a38bb736db8e
2026-04-10 11:31:40|JSON_VERIFIED||1713|021debee-84b5-4547-8ca9-a38bb736db8e
2026-04-10 11:31:40|JSON_SAVED||1713|021debee-84b5-4547-8ca9-a38bb736db8e
2026-04-10 11:31:40|QUESTION_ADVANCE||1714|55159f5b-c863-4168-85ab-571bd9a59b22
2026-04-10 11:32:07|QUESTION_SENT||1714|55159f5b-c863-4168-85ab-571bd9a59b22
2026-04-10 11:32:13|QUESTION|16|1714|55159f5b-c863-4168-85ab-571bd9a59b22
2026-04-10 11:35:58|JSON_VERIFIED||1714|55159f5b-c863-4168-85ab-571bd9a59b22
2026-04-10 11:35:58|JSON_SAVED||1714|55159f5b-c863-4168-85ab-571bd9a59b22
2026-04-10 11:35:58|QUESTION_ADVANCE||1715|341e240c-6a98-4e31-bb46-eafea35440c4
2026-04-10 11:36:25|QUESTION_SENT||1715|341e240c-6a98-4e31-bb46-eafea35440c4
2026-04-10 11:36:31|QUESTION|17|1715|341e240c-6a98-4e31-bb46-eafea35440c4
2026-04-10 11:38:33|JSON_VERIFIED||1715|341e240c-6a98-4e31-bb46-eafea35440c4
2026-04-10 11:38:33|JSON_SAVED||1715|341e240c-6a98-4e31-bb46-eafea35440c4
2026-04-10 11:38:33|QUESTION_ADVANCE||1716|c95777fa-f787-48c6-abd2-f846fd1a796e
2026-04-10 11:39:01|QUESTION_SENT||1716|c95777fa-f787-48c6-abd2-f846fd1a796e
2026-04-10 11:39:06|QUESTION|18|1716|c95777fa-f787-48c6-abd2-f846fd1a796e
2026-04-10 11:42:26|JSON_VERIFIED||1716|c95777fa-f787-48c6-abd2-f846fd1a796e
2026-04-10 11:42:26|JSON_SAVED||1716|c95777fa-f787-48c6-abd2-f846fd1a796e
2026-04-10 11:42:26|QUESTION_ADVANCE||1717|1bab8d26-6483-415b-803e-6724a62df583
2026-04-10 11:42:54|QUESTION_SENT||1717|1bab8d26-6483-415b-803e-6724a62df583
2026-04-10 11:42:59|QUESTION|19|1717|1bab8d26-6483-415b-803e-6724a62df583
2026-04-10 11:49:33|QUESTION_SENT||1717|1bab8d26-6483-415b-803e-6724a62df583
2026-04-10 11:49:38|QUESTION|20|1717|1bab8d26-6483-415b-803e-6724a62df583
2026-04-10 11:53:12|JSON_VERIFIED||1717|1bab8d26-6483-415b-803e-6724a62df583
2026-04-10 11:53:12|JSON_SAVED||1717|1bab8d26-6483-415b-803e-6724a62df583
2026-04-10 11:53:12|QUESTION_ADVANCE||1718|afb41be7-5738-442e-8c19-36539854d150
2026-04-10 11:53:39|QUESTION_SENT||1718|afb41be7-5738-442e-8c19-36539854d150
2026-04-10 11:53:45|QUESTION|21|1718|afb41be7-5738-442e-8c19-36539854d150
2026-04-10 11:56:32|JSON_VERIFIED||1718|afb41be7-5738-442e-8c19-36539854d150
2026-04-10 11:56:32|JSON_SAVED||1718|afb41be7-5738-442e-8c19-36539854d150
2026-04-10 11:56:32|QUESTION_ADVANCE||1719|ce5abb8f-3940-4fcc-8891-a70386dcb74f
2026-04-10 11:57:05|QUESTION_SENT||1719|ce5abb8f-3940-4fcc-8891-a70386dcb74f
2026-04-10 11:57:10|QUESTION|22|1719|ce5abb8f-3940-4fcc-8891-a70386dcb74f
2026-04-10 12:03:14|QUESTION_SENT||1719|ce5abb8f-3940-4fcc-8891-a70386dcb74f
2026-04-10 12:03:19|QUESTION|23|1719|ce5abb8f-3940-4fcc-8891-a70386dcb74f
2026-04-10 12:06:15|JSON_VERIFIED||1719|ce5abb8f-3940-4fcc-8891-a70386dcb74f
2026-04-10 12:06:15|JSON_SAVED||1719|ce5abb8f-3940-4fcc-8891-a70386dcb74f
2026-04-10 12:06:15|QUESTION_ADVANCE||1720|20ca6018-789a-4148-89ba-760780589185
2026-04-10 12:06:42|QUESTION_SENT||1720|20ca6018-789a-4148-89ba-760780589185
2026-04-10 12:06:47|QUESTION|24|1720|20ca6018-789a-4148-89ba-760780589185
2026-04-10 12:08:01|JSON_VERIFIED||1720|20ca6018-789a-4148-89ba-760780589185
2026-04-10 12:08:01|JSON_SAVED||1720|20ca6018-789a-4148-89ba-760780589185
2026-04-10 12:08:01|QUESTION_ADVANCE||1721|436d302e-9830-4eaa-bf64-2cf39531df9b
2026-04-10 12:08:29|QUESTION_SENT||1721|436d302e-9830-4eaa-bf64-2cf39531df9b
2026-04-10 12:08:34|QUESTION|25|1721|436d302e-9830-4eaa-bf64-2cf39531df9b
2026-04-10 12:10:30|JSON_VERIFIED||1721|436d302e-9830-4eaa-bf64-2cf39531df9b
2026-04-10 12:10:30|JSON_SAVED||1721|436d302e-9830-4eaa-bf64-2cf39531df9b
2026-04-10 12:10:30|QUESTION_ADVANCE||1722|49360700-d55d-4b40-932e-e9d5181f4a59
2026-04-10 12:10:57|QUESTION_SENT||1722|49360700-d55d-4b40-932e-e9d5181f4a59
2026-04-10 12:11:02|QUESTION|26|1722|49360700-d55d-4b40-932e-e9d5181f4a59
2026-04-10 12:13:09|JSON_VERIFIED||1722|49360700-d55d-4b40-932e-e9d5181f4a59
2026-04-10 12:13:09|JSON_SAVED||1722|49360700-d55d-4b40-932e-e9d5181f4a59
2026-04-10 12:13:09|QUESTION_ADVANCE||1723|65715a12-11c9-4487-961a-f4f007ff61ae
2026-04-10 12:13:36|QUESTION_SENT||1723|65715a12-11c9-4487-961a-f4f007ff61ae
2026-04-10 12:13:42|QUESTION|27|1723|65715a12-11c9-4487-961a-f4f007ff61ae
2026-04-10 12:14:46|JSON_VERIFIED||1723|65715a12-11c9-4487-961a-f4f007ff61ae
2026-04-10 12:14:46|JSON_SAVED||1723|65715a12-11c9-4487-961a-f4f007ff61ae
2026-04-10 12:14:46|QUESTION_ADVANCE||1724|58d42d76-8418-4523-84bf-c4ec29ff1ec0
2026-04-10 12:15:13|QUESTION_SENT||1724|58d42d76-8418-4523-84bf-c4ec29ff1ec0
2026-04-10 12:15:18|QUESTION|28|1724|58d42d76-8418-4523-84bf-c4ec29ff1ec0
2026-04-10 12:16:31|JSON_VERIFIED||1724|58d42d76-8418-4523-84bf-c4ec29ff1ec0
2026-04-10 12:16:31|JSON_SAVED||1724|58d42d76-8418-4523-84bf-c4ec29ff1ec0
2026-04-10 12:16:31|QUESTION_ADVANCE||1725|cb53bf24-59c0-416b-803d-0943bd034b94
2026-04-10 12:16:58|QUESTION_SENT||1725|cb53bf24-59c0-416b-803d-0943bd034b94
2026-04-10 12:17:03|QUESTION|29|1725|cb53bf24-59c0-416b-803d-0943bd034b94
2026-04-10 12:18:59|JSON_VERIFIED||1725|cb53bf24-59c0-416b-803d-0943bd034b94
2026-04-10 12:18:59|JSON_SAVED||1725|cb53bf24-59c0-416b-803d-0943bd034b94
2026-04-10 12:18:59|QUESTION_ADVANCE||1726|428e9a7b-2678-486c-a278-b913cbfeca3f
2026-04-10 12:19:27|QUESTION_SENT||1726|428e9a7b-2678-486c-a278-b913cbfeca3f
2026-04-10 12:19:32|QUESTION|30|1726|428e9a7b-2678-486c-a278-b913cbfeca3f
2026-04-10 12:23:20|JSON_VERIFIED||1726|428e9a7b-2678-486c-a278-b913cbfeca3f
2026-04-10 12:23:20|JSON_SAVED||1726|428e9a7b-2678-486c-a278-b913cbfeca3f
2026-04-10 12:23:20|QUESTION_ADVANCE||1727|e2424ce3-c06b-4da4-bd83-9d66410e19e3
2026-04-10 12:23:48|QUESTION_SENT||1727|e2424ce3-c06b-4da4-bd83-9d66410e19e3
2026-04-10 12:23:53|QUESTION|31|1727|e2424ce3-c06b-4da4-bd83-9d66410e19e3
2026-04-10 12:25:16|JSON_VERIFIED||1727|e2424ce3-c06b-4da4-bd83-9d66410e19e3
2026-04-10 12:25:16|JSON_SAVED||1727|e2424ce3-c06b-4da4-bd83-9d66410e19e3
2026-04-10 12:25:16|QUESTION_ADVANCE||1728|a6bd76b1-8d58-42dd-b407-3fc0dc94c105
2026-04-10 12:25:42|QUESTION_SENT||1728|a6bd76b1-8d58-42dd-b407-3fc0dc94c105
2026-04-10 12:25:47|QUESTION|32|1728|a6bd76b1-8d58-42dd-b407-3fc0dc94c105
2026-04-10 12:28:50|JSON_VERIFIED||1728|a6bd76b1-8d58-42dd-b407-3fc0dc94c105
2026-04-10 12:28:50|JSON_SAVED||1728|a6bd76b1-8d58-42dd-b407-3fc0dc94c105
2026-04-10 12:28:50|QUESTION_ADVANCE||1729|9553c5cb-aa03-422b-ad4d-92c5e37fa4ab
2026-04-10 12:29:17|QUESTION_SENT||1729|9553c5cb-aa03-422b-ad4d-92c5e37fa4ab
2026-04-10 12:29:22|QUESTION|33|1729|9553c5cb-aa03-422b-ad4d-92c5e37fa4ab
2026-04-10 12:30:28|JSON_VERIFIED||1729|9553c5cb-aa03-422b-ad4d-92c5e37fa4ab
2026-04-10 12:30:28|JSON_SAVED||1729|9553c5cb-aa03-422b-ad4d-92c5e37fa4ab
2026-04-10 12:30:28|QUESTION_ADVANCE||1730|d096b69e-1093-4e08-a96f-6159c363cc35
2026-04-10 12:30:55|QUESTION_SENT||1730|d096b69e-1093-4e08-a96f-6159c363cc35
2026-04-10 12:31:01|QUESTION|34|1730|d096b69e-1093-4e08-a96f-6159c363cc35
2026-04-10 12:33:57|JSON_VERIFIED||1730|d096b69e-1093-4e08-a96f-6159c363cc35
2026-04-10 12:33:57|JSON_SAVED||1730|d096b69e-1093-4e08-a96f-6159c363cc35
2026-04-10 12:33:57|QUESTION_ADVANCE||1731|587bc3a3-7cca-4257-93a6-b64fa6c701c6
2026-04-10 12:34:25|QUESTION_SENT||1731|587bc3a3-7cca-4257-93a6-b64fa6c701c6
2026-04-10 12:34:30|QUESTION|35|1731|587bc3a3-7cca-4257-93a6-b64fa6c701c6
2026-04-10 12:35:00|JSON_VERIFY_FAILED||1731|587bc3a3-7cca-4257-93a6-b64fa6c701c6
2026-04-10 12:35:30|QUESTION_SENT||1731|587bc3a3-7cca-4257-93a6-b64fa6c701c6
2026-04-10 12:35:36|QUESTION|36|1731|587bc3a3-7cca-4257-93a6-b64fa6c701c6
2026-04-10 12:36:47|JSON_VERIFIED||1731|587bc3a3-7cca-4257-93a6-b64fa6c701c6
2026-04-10 12:36:47|JSON_SAVED||1731|587bc3a3-7cca-4257-93a6-b64fa6c701c6
2026-04-10 12:36:47|QUESTION_ADVANCE||1732|54a13ac4-77f6-410d-ad5e-5a745552de39
2026-04-10 12:37:15|QUESTION_SENT||1732|54a13ac4-77f6-410d-ad5e-5a745552de39
2026-04-10 12:37:20|QUESTION|37|1732|54a13ac4-77f6-410d-ad5e-5a745552de39
2026-04-10 12:39:14|JSON_VERIFIED||1732|54a13ac4-77f6-410d-ad5e-5a745552de39
2026-04-10 12:39:14|JSON_SAVED||1732|54a13ac4-77f6-410d-ad5e-5a745552de39
2026-04-10 12:39:14|QUESTION_ADVANCE||1733|486a4777-3228-45f6-ab78-cdfa4477afce
2026-04-10 12:39:41|QUESTION_SENT||1733|486a4777-3228-45f6-ab78-cdfa4477afce
2026-04-10 12:39:46|QUESTION|38|1733|486a4777-3228-45f6-ab78-cdfa4477afce
2026-04-10 12:42:36|JSON_VERIFIED||1733|486a4777-3228-45f6-ab78-cdfa4477afce
2026-04-10 12:42:36|JSON_SAVED||1733|486a4777-3228-45f6-ab78-cdfa4477afce
2026-04-10 12:42:36|QUESTION_ADVANCE||1734|3ce786a5-66e6-47dc-9da1-494162bed688
2026-04-10 12:43:03|QUESTION_SENT||1734|3ce786a5-66e6-47dc-9da1-494162bed688
2026-04-10 12:43:08|QUESTION|39|1734|3ce786a5-66e6-47dc-9da1-494162bed688
2026-04-10 12:44:13|JSON_VERIFIED||1734|3ce786a5-66e6-47dc-9da1-494162bed688
2026-04-10 12:44:13|JSON_SAVED||1734|3ce786a5-66e6-47dc-9da1-494162bed688
2026-04-10 12:44:13|QUESTION_ADVANCE||1735|8977e378-a110-4a70-a7e3-48dce6fdbb06
2026-04-10 12:44:41|QUESTION_SENT||1735|8977e378-a110-4a70-a7e3-48dce6fdbb06
2026-04-10 12:44:46|QUESTION|40|1735|8977e378-a110-4a70-a7e3-48dce6fdbb06
2026-04-10 12:46:17|JSON_VERIFIED||1735|8977e378-a110-4a70-a7e3-48dce6fdbb06
2026-04-10 12:46:17|JSON_SAVED||1735|8977e378-a110-4a70-a7e3-48dce6fdbb06
2026-04-10 12:46:17|QUESTION_ADVANCE||1736|830f5c6d-4f27-4575-b9e8-f474ae41c9ff
2026-04-10 12:46:44|QUESTION_SENT||1736|830f5c6d-4f27-4575-b9e8-f474ae41c9ff
2026-04-10 12:46:50|QUESTION|41|1736|830f5c6d-4f27-4575-b9e8-f474ae41c9ff
2026-04-10 12:49:41|JSON_VERIFIED||1736|830f5c6d-4f27-4575-b9e8-f474ae41c9ff
2026-04-10 12:49:41|JSON_SAVED||1736|830f5c6d-4f27-4575-b9e8-f474ae41c9ff
2026-04-10 12:49:41|QUESTION_ADVANCE||1737|26eda7f5-1080-4912-bc34-61f4cf4daa3d
2026-04-10 12:50:08|QUESTION_SENT||1737|26eda7f5-1080-4912-bc34-61f4cf4daa3d
2026-04-10 12:50:14|QUESTION|42|1737|26eda7f5-1080-4912-bc34-61f4cf4daa3d
2026-04-10 12:53:07|JSON_VERIFIED||1737|26eda7f5-1080-4912-bc34-61f4cf4daa3d
2026-04-10 12:53:07|JSON_SAVED||1737|26eda7f5-1080-4912-bc34-61f4cf4daa3d
2026-04-10 12:53:07|QUESTION_ADVANCE||1738|53edee08-eb45-4712-ae57-8f28dda111bc
2026-04-10 12:53:34|QUESTION_SENT||1738|53edee08-eb45-4712-ae57-8f28dda111bc
2026-04-10 12:53:40|QUESTION|43|1738|53edee08-eb45-4712-ae57-8f28dda111bc
2026-04-10 12:56:34|JSON_VERIFIED||1738|53edee08-eb45-4712-ae57-8f28dda111bc
2026-04-10 12:56:34|JSON_SAVED||1738|53edee08-eb45-4712-ae57-8f28dda111bc
2026-04-10 12:56:34|QUESTION_ADVANCE||1739|497ff419-f7bf-493d-8406-2570d8501397
2026-04-10 12:57:01|QUESTION_SENT||1739|497ff419-f7bf-493d-8406-2570d8501397
2026-04-10 12:57:06|QUESTION|44|1739|497ff419-f7bf-493d-8406-2570d8501397
2026-04-10 13:00:19|JSON_VERIFIED||1739|497ff419-f7bf-493d-8406-2570d8501397
2026-04-10 13:00:19|JSON_SAVED||1739|497ff419-f7bf-493d-8406-2570d8501397
2026-04-10 13:00:19|QUESTION_ADVANCE||1740|18598ce0-a00c-4516-b141-3fcf201902df
2026-04-10 13:00:46|QUESTION_SENT||1740|18598ce0-a00c-4516-b141-3fcf201902df
2026-04-10 13:00:52|QUESTION|45|1740|18598ce0-a00c-4516-b141-3fcf201902df
2026-04-10 13:02:25|JSON_VERIFIED||1740|18598ce0-a00c-4516-b141-3fcf201902df
2026-04-10 13:02:25|JSON_SAVED||1740|18598ce0-a00c-4516-b141-3fcf201902df
2026-04-10 13:02:25|QUESTION_ADVANCE||1741|f62488f8-2309-4456-9cfc-f2fe9d393fc2
2026-04-10 13:02:55|QUESTION_SENT||1741|f62488f8-2309-4456-9cfc-f2fe9d393fc2
2026-04-10 13:03:00|QUESTION|46|1741|f62488f8-2309-4456-9cfc-f2fe9d393fc2
2026-04-10 13:04:43|JSON_VERIFIED||1741|f62488f8-2309-4456-9cfc-f2fe9d393fc2
2026-04-10 13:04:43|JSON_SAVED||1741|f62488f8-2309-4456-9cfc-f2fe9d393fc2
2026-04-10 13:04:44|QUESTION_ADVANCE||1742|25135499-a63f-423d-ad48-a467098feb30
2026-04-10 13:05:12|QUESTION_SENT||1742|25135499-a63f-423d-ad48-a467098feb30
2026-04-10 13:05:17|QUESTION|47|1742|25135499-a63f-423d-ad48-a467098feb30
2026-04-10 13:05:43|QUESTION_SENT||1742|25135499-a63f-423d-ad48-a467098feb30
2026-04-10 13:05:48|QUESTION|48|1742|25135499-a63f-423d-ad48-a467098feb30
2026-04-10 13:07:56|JSON_VERIFIED||1742|25135499-a63f-423d-ad48-a467098feb30
2026-04-10 13:07:56|JSON_SAVED||1742|25135499-a63f-423d-ad48-a467098feb30
2026-04-10 13:07:56|QUESTION_ADVANCE||1743|95087453-4c3d-4631-bd0c-8ecb3ea8708c
2026-04-10 13:08:24|QUESTION_SENT||1743|95087453-4c3d-4631-bd0c-8ecb3ea8708c
2026-04-10 13:08:29|QUESTION|49|1743|95087453-4c3d-4631-bd0c-8ecb3ea8708c
2026-04-10 13:08:55|QUESTION_SENT||1743|95087453-4c3d-4631-bd0c-8ecb3ea8708c
2026-04-10 13:09:01|QUESTION|50|1743|95087453-4c3d-4631-bd0c-8ecb3ea8708c
2026-04-10 13:09:31|JSON_VERIFY_FAILED||1743|95087453-4c3d-4631-bd0c-8ecb3ea8708c
2026-04-10 13:09:59|QUESTION_SENT||1743|95087453-4c3d-4631-bd0c-8ecb3ea8708c
2026-04-10 13:10:04|QUESTION|51|1743|95087453-4c3d-4631-bd0c-8ecb3ea8708c
2026-04-10 13:10:30|QUESTION_SENT||1743|95087453-4c3d-4631-bd0c-8ecb3ea8708c
2026-04-10 13:10:36|QUESTION|52|1743|95087453-4c3d-4631-bd0c-8ecb3ea8708c
2026-04-10 13:11:02|QUESTION_SENT||1743|95087453-4c3d-4631-bd0c-8ecb3ea8708c
2026-04-10 13:11:07|QUESTION|53|1743|95087453-4c3d-4631-bd0c-8ecb3ea8708c
2026-04-10 13:12:23|JSON_VERIFIED||1743|95087453-4c3d-4631-bd0c-8ecb3ea8708c
2026-04-10 13:12:23|JSON_SAVED||1743|95087453-4c3d-4631-bd0c-8ecb3ea8708c
2026-04-10 13:12:23|QUESTION_ADVANCE||1744|dcbedac3-d066-4413-a572-adec1426d406
2026-04-10 13:12:50|QUESTION_SENT||1744|dcbedac3-d066-4413-a572-adec1426d406
2026-04-10 13:12:55|QUESTION|54|1744|dcbedac3-d066-4413-a572-adec1426d406
2026-04-10 13:14:22|JSON_VERIFIED||1744|dcbedac3-d066-4413-a572-adec1426d406
2026-04-10 13:14:22|JSON_SAVED||1744|dcbedac3-d066-4413-a572-adec1426d406
2026-04-10 13:14:22|QUESTION_ADVANCE||1745|f5c14c9b-f871-4b69-a0a4-5901b4de7e4b
2026-04-10 13:14:50|QUESTION_SENT||1745|f5c14c9b-f871-4b69-a0a4-5901b4de7e4b
2026-04-10 13:14:55|QUESTION|55|1745|f5c14c9b-f871-4b69-a0a4-5901b4de7e4b
2026-04-10 13:21:27|QUESTION_SENT||1745|f5c14c9b-f871-4b69-a0a4-5901b4de7e4b
2026-04-10 13:21:32|QUESTION|56|1745|f5c14c9b-f871-4b69-a0a4-5901b4de7e4b
2026-04-10 13:24:29|JSON_VERIFIED||1745|f5c14c9b-f871-4b69-a0a4-5901b4de7e4b
2026-04-10 13:24:29|JSON_SAVED||1745|f5c14c9b-f871-4b69-a0a4-5901b4de7e4b
2026-04-10 13:24:29|QUESTION_ADVANCE||1746|5edc5cbb-fcaf-4070-82b1-40f65032fcf3
2026-04-10 13:24:56|QUESTION_SENT||1746|5edc5cbb-fcaf-4070-82b1-40f65032fcf3
2026-04-10 13:25:01|QUESTION|57|1746|5edc5cbb-fcaf-4070-82b1-40f65032fcf3
2026-04-10 13:27:26|JSON_VERIFIED||1746|5edc5cbb-fcaf-4070-82b1-40f65032fcf3
2026-04-10 13:27:26|JSON_SAVED||1746|5edc5cbb-fcaf-4070-82b1-40f65032fcf3
2026-04-10 13:27:26|QUESTION_ADVANCE||1747|ca7a51e9-a44f-4c2c-bab3-052393a1cb9f
2026-04-10 13:27:53|QUESTION_SENT||1747|ca7a51e9-a44f-4c2c-bab3-052393a1cb9f
2026-04-10 13:27:58|QUESTION|58|1747|ca7a51e9-a44f-4c2c-bab3-052393a1cb9f
2026-04-10 13:29:37|JSON_VERIFIED||1747|ca7a51e9-a44f-4c2c-bab3-052393a1cb9f
2026-04-10 13:29:37|JSON_SAVED||1747|ca7a51e9-a44f-4c2c-bab3-052393a1cb9f
2026-04-10 13:29:37|QUESTION_ADVANCE||1748|1a0b73b4-5f5f-4b24-9918-e9e3a0ea495c
2026-04-10 13:30:04|QUESTION_SENT||1748|1a0b73b4-5f5f-4b24-9918-e9e3a0ea495c
2026-04-10 13:30:09|QUESTION|59|1748|1a0b73b4-5f5f-4b24-9918-e9e3a0ea495c
2026-04-10 13:33:10|JSON_VERIFIED||1748|1a0b73b4-5f5f-4b24-9918-e9e3a0ea495c
2026-04-10 13:33:10|JSON_SAVED||1748|1a0b73b4-5f5f-4b24-9918-e9e3a0ea495c
2026-04-10 13:33:10|QUESTION_ADVANCE||1749|699c3f27-9e09-4f1c-a9ce-2733c7903e9e
2026-04-10 13:33:36|QUESTION_SENT||1749|699c3f27-9e09-4f1c-a9ce-2733c7903e9e
2026-04-10 13:33:41|QUESTION|60|1749|699c3f27-9e09-4f1c-a9ce-2733c7903e9e
2026-04-10 13:35:15|JSON_VERIFIED||1749|699c3f27-9e09-4f1c-a9ce-2733c7903e9e
2026-04-10 13:35:15|JSON_SAVED||1749|699c3f27-9e09-4f1c-a9ce-2733c7903e9e
2026-04-10 13:35:15|QUESTION_ADVANCE||1750|64f66ac3-4694-41a2-b6cc-3cf809fe023b
2026-04-10 13:35:42|QUESTION_SENT||1750|64f66ac3-4694-41a2-b6cc-3cf809fe023b
2026-04-10 13:35:47|QUESTION|61|1750|64f66ac3-4694-41a2-b6cc-3cf809fe023b
2026-04-10 13:39:49|JSON_VERIFIED||1750|64f66ac3-4694-41a2-b6cc-3cf809fe023b
2026-04-10 13:39:49|JSON_SAVED||1750|64f66ac3-4694-41a2-b6cc-3cf809fe023b
2026-04-10 13:39:50|STOP||1751|
